Image Name,Keywords
California Sea Lion,NZP-20090916-095MM,"Species: californianus,Genus: Zalophus,Family: Otariidae,Order: Pinnipedia,Class: Mammalia,Phylum: Chordata,Kingdom: Animalia,California Sea Lion,Sea Lion,Pinniped,Calli,Summer,Female"
North American Porcupine,NZP-20141001-005TB-000001,"Species: dorsatum,Genus: Erethizon,Family: Erethizontidae,Order: Rodentia,Class: Mammalia,Phylum: Chordata,Kingdom: Animalia,Maude,female,North American Porcupine,Porcupine,Rodent"
Peruvian Guinea Pig Masi,NZP-20191215_005CC,"Smithsonian's National Zoo & Conservation Biology Institute,National Zoo,Smithsonian Institution,NZP,Open Access,Open Access/CCO,CCO,Kingdom: Animalia,Phylum: Chordata,Class: Mammalia,Order: Rodentia,Family: Caviidae,Genus and Species: Cavia porcellus,Rodents,Guinea Pigs,Mammals,Amazonia Exhibit"
Ossabaw Island Hog,NZP-20170530-001NM,"Species: scrofa,Genus: Sus,Family: Suidae,Order: Artiodactyla,Class: Mammalia,Phylum: Chordata,Kingdom: Animalia,Ossabaw Island Hog,Wild Boar,female,Savannah Sparrow,Kids Farm,Ungulate,Even-toed ungulate,Hog"
King Vulture,NZP-20110708-088MM,"Species: papa,Genus: Sarcoramphus,Family: Cathartidae,Order: Falconiformes,Class: Aves,Phylum: Chordata,Kingdom: Animalia,female,bird,vulture,bird of prey,vertical"
Black-footed Ferret,NZP-20090828-273MM,"CRC,AI,kits,artificial insemination,Mother (F) Kit (B),Species: nigripes,Genus: Mustela,Family: Mustelidae,Order: Carnivora,Class: Mammalia,Phylum: Chordata,Kingdom: Animalia,BFF,Black-footed Ferret,Ferret,Mustelid,SCBI,Front Royal,Kit,baby,young,horizontal"
Smithsonian Institution IDS 404 Page Not Found,NZP-20160219-124CTW,"Species: tetradactyla,Genus: Tamandua,Family: Myrmecophagidae,Order: Pilosa,Class: Mammalia,Phylum: Chordata,Kingdom: Animalia,Southern Tamandua,Collared Anteater,Tamandua,Anteater,SMH,Small Mammal House"
Barred Owl,NZP-20160416-1109PAJ,"Species: varia,Genus: Strix,Family: Strigidae,Order: Strigiformes,Class: Aves,Phylum: Chordata,Kingdom: Animalia,Barred Owl,Owl,Bird"
Giant Panda,NZP-20110503-030MM,"Species: melanoleuca,Genus: Ailuropoda,Family: Ursidae,Order: Carnivora,Class: Mammalia,Phylum: Chordata,Kingdom: Animalia,Mei Xiang,female,Bear,Giant Panda,yard,outside,bamboo,horizontal"
Sitatunga,NZP-20121227-01GM,"Species: spekii,Genus: Tragelaphus,Family: Bovidae,Order: Cetartiodactyla,Class: Mammalia,Phylum: Chordata,Kingdom: Animalia,Marley,Sitatunga,Ungulate,Even-toed ungulate"
Taylor's Cantil,NZP-20160216-039CTW,"Species: taylori,Genus: Agkistrodon,Family: Viperidae,Order: Squamata,Class: Reptilia,Phylum: Chordata,Kingdom: Animalia,Taylor's Cantil,Snake,Reptile"
King Cobra,NZP-20100120-28MM,"Species: hannah,Genus: Ophiophagus,Family: Elapidae,Order: Squamata,Class: Reptilia,Phylum: Chordata,Kingdom: Animalia,Reptile,Snake,tongue"
Norway Rat,NZP-20140217-001ES,"Species: norvegicus,Genus: Rattus,Family: Muridae,Order: Rodentia,Class: Mammalia,Phylum: Chordata,Kingdom: Animalia,Think Tank,Daisy,Norway Rat,Brown Rat,Rodent"
Black-and-white Ruffed Lemur,NZP-20181114-3807SB,"Species: variegata,Genus: Varecia,Family: Lemuridae,Order: Primates,Class: Mammalia,Phylum: Chordata,Kingdom: Animalia,Black-and-white Ruffed Lemur,Lemur,Primate,enrichment,pumpkin,Thanksgiving"
Giant Leaf-tailed Gecko,NZP-20180131-9086JPJ,"Reptile,Species: fimbriatus,Genus: Uroplatus,Family: Gekkonidae,Order: Squamata,Class: Reptilia,Phylum: Chordata,Kingdom: Animalia,Giant Leaf-tailed Gecko,Gecko"
Smithsonian Institution IDS 404 Page Not Found,NZP-20140925-40948JA-000001,"Front Royal,SCBI,Species: japonensis,Genus: Grus,Family: Gruidae,Order: Gruiformes,Class: Aves,Phylum: Chordata,Kingdom: Animalia,Bird,Crane"
White-naped Crane,NZP-20170629-1256RP,"SCBI,White-naped Crane,Front Royal,Species: vipio,Genus: Grus,Family: Gruidae,Order: Gruiformes,Class: Aves,Phylum: Chordata,Kingdom: Animalia,Crane,Bird"
Panamanian Golden Frog,NZP-20050915-070JC,"Species: zeteki,Genus: Atelopus,Family: Bufonidae,Order: Anura,Class: Amphibia,Phylum: Chordata,Kingdom: Animalia,Amphibian"
Violet Line Piranha,NZP-20150121-8602AW,"Amazonia,Fish,Species: geryi,Genus: Serrasalmus,Family: Characidae,Order: Characiformes,Class: Actinopterygii,Phylum: Chordata,Kingdom: Animalia,Violet Line Piranha"
Alpaca,NZP-20090127-1100MM,"Orion,Ziggy,snow,Species: pacos,Genus: Lama,Family: Camelidae,Order: Artiodactyla,Class: Mammalia,Phylum: Chordata,Kingdom: Animalia,Alpaca,Ungulate,Even-toed ungulate,Kid's Farm,male"
American Flamingo,NZP-20110624-399MM-000002,"Species: ruber,Genus: Phoenicopterus,Family: Phoenicopteridae,Order: Phoenicopteriformes,Class: Aves,Phylum: Chordata,Kingdom: Animalia,Bird"
Red-spotted Newt,NZP-20170219-018CPM,"Species: viridescens,Genus: Notophthalmus,Family: Salamandridae,Order: Caudata,Class: Amphibia,Phylum: Chordata,Kingdom: Animalia,Red-spotted Newt,Eastern Newt,Newt,Amphibian,Amazonia"
San Clemente Island Goat,NZP-20080701-206MM,"Species: hircus,Genus: Capra,Family: Bovidae,Order: Artiodactyla,Class: Mammalia,Phylum: Chordata,Kingdom: Animalia,San Clemente Island Goat,Goat,Ungulate,Even-toed ungulate,Kid's Farm,Mortimer,Marla,Mother: Jackie,baby,young,kid"
Naked Mole-rat,NZP-20111005-157MM,"Species: glaber,Genus: Heterocephalus,Family: Bathyergidae,Order: Rodentia,Class: Mammalia,Phylum: Chordata,Kingdom: Animalia,Mole-rat,Naked Mole-rat,Rodent,SMH,Small Mammal House"
Cuban Crocodile,NZP-20160225-059CTW,"Species: rhombifer,Genus: Crocodylus,Family: Crocodylidae,Order: Crocodylia,Class: Reptilia,Phylum: Chordata,Kingdom: Animalia,Cuban Crocodile,Crocodile,Reptile,juvenile"
Eyelash Palm Pitviper,NZP-20050606-147JC,"Species: schlegelii,Genus: Bothriechis,Family: Viperidae crotalinae,Order: Squamata,Class: Reptilia,Phylum: Chordata,Kingdom: Animalia,Reptile,Snake"
Goliath Bird-eating Tarantula,NZP-20100618-058MM,"Species: leblondi,Genus: Theraphosa,Family: Theraphosidae,Order: Araneae,Class: Arachnida,Phylum: Arthropoda,Kingdom: Animalia,Invertebrate,Arthropod"
American Flamingo,NZP-20090127-0422MM-000002,"snow,Species: ruber,Genus: Phoenicopterus,Family: Phoenicopteridae,Order: Phoenicopteriformes,Class: Aves,Phylum: Chordata,Kingdom: Animalia,Bird,Flamingo,winter"
Giant Leaf-tailed Gecko,NZP-20100922-266MM-000002,"Species: fimbriatus,Genus: Uroplatus,Family: Gekkonidae,Order: Squamata,Class: Reptilia,Phylum: Chordata,Kingdom: Animalia,reptile,lizard"
Guam Rail,NZP-215-24JC,"Species: owstoni,Genus: Gallirallus,Family: Rallidae,Order: Gruiformes,Class: Aves,Phylum: Chordata,Kingdom: Animalia,1994"
Golden Lion Tamarin,NZP-20180807-074SB,"Small Mammal House,Golden Lion Tamarin,Izzy,Mo,Species: rosalia rosalia,Genus: Leontopithecus,Family: Cebidae,Order: Primates,Class: Mammalia,Phylum: Chordata,Kingdom: Animalia,GLT,SMH,Primate,Monkey"
Hooded crane,NZP-20160529-07CC,"Species: monacha,Genus: Grus,Family: Gruidae,Order: Gruiformes,Class: Aves,Phylum: Chordata,Kingdom: Animalia,Tempest,Hooded Crane,Crane,SCBI,Front Royal,female,AI Chick"
American Bison,NZP-AmericanBison-04JA-000001,"Species: bison,Genus: Bison,Family: Bovidae,Order: Artiodactyla,Class: Mammalia,Phylum: Chordata,Kingdom: Animalia,SCBI,American Bison,Bison,Ungulate,Even-toed ungulate,Front Royal"
South American Coati,NZP-20170622-134CPM,"Species: nasua,Genus: Nasua,Family: Procyonidae,Order: Carnivora,Class: Mammalia,Phylum: Chordata,Kingdom: Animalia,South American Coati,Coati,SMH,Small Mammal House,Procyonid,Brown-nosed Coati"
Giant Panda,NZP-20100323-121MM,"bamboo,Species: melanoleuca,Genus: Ailuropoda,Family: Ursidae,Order: Carnivora,Class: Mammalia,Phylum: Chordata,Kingdom: Animalia,Mei Xiang,female,Bear,Giant Panda,vertical"
Pale-headed Saki,NZP-20110311-163MM-000001,"Species: pithecia,Genus: Pithecia,Family: Pitheciidae,Order: Primates,Class: Mammalia,Phylum: Chordata,Kingdom: Animalia,Saki,Pale-headed Saki,Monkey,Primate,SMH,Small Mammal House,horizontal,St. Patrick's Day Enrichment,enrichment,male,Oberon"
Blue Poison Frog,NZP-20160216-174CTW,"Species: azureus,Genus: Dendrobates,Family: Dendrobatidae,Order: Anura,Class: Amphibia,Phylum: Chordata,Kingdom: Animalia,Blue Poison Frog,Frog,Amphibian"
Blue Poison Frog,NZP-20100615-157MM,Species: azureus Genus: Dendrobates Family: Dendrobatidae Order: Anura Class: Amphibia Phylum: Chordata Kingdom: Animalia Amphibian
Chinese Three-striped Box Turtle,NZP-20180228-9698JPJ-000001,"Reptile,Turtle,Species: bourreti,Genus: Cuora,Family: Bataguridae,Order: Testudines,Class: Reptilia,Phylum: Chordata,Kingdom: Animalia,Chinese Three-striped Box Turtle,Golden Coin Turtle"
Allen's Swamp Monkey,NZP-20150626-090CPM,"Species: nigroviridis,Genus: Allenopithecus,Family: Cercopithecidae,Order: Primates,Class: Mammalia,Phylum: Chordata,Kingdom: Animalia,Primate,Monkey,Think Tank,Allen's Swamp Monkey"
American Beaver,NZP-20181031-115SB,"Species: canadensis,Genus: Castor,Family: Castoridae,Order: Rodentia,Class: Mammalia,Phylum: Chordata,Kingdom: Animalia,American Beaver,Beaver,Rodent,AMT,American Trail"
Sinaloan Milksnake,NZP-20050609-501JC,"Species: triangulum,Genus: Lampropeltis,Family: Colubridae,Order: Squamata,Class: Reptilia,Phylum: Chordata,Kingdom: Animalia,Reptile,Snake"
Maned Wolf,NZP-20170629-1336RP,"Maned Wolf,SCBI,Front Royal,Species: brachyurus,Genus: Chrysocyon,Family: Canidae,Order: Carnivora,Class: Mammalia,Phylum: Chordata,Kingdom: Animalia,Canine,Hope"
Silver Arowana,NZP-20150121-8618AW-000001,"Amazonia,Fish,Species: bicirrhosum,Genus: Osteoglossum,Family: Osteoglossidae,Order: Osteoglossiformes,Class: Actinopterygii,Phylum: Chordata,Kingdom: Animalia,horizontal,Silver Arowana"
White-eared Titi Monkey,NZP-20181114-8863SB,"Kingdom: Animalia,Phylum: Chordata,Class: Mammalia,Order: Primates,Family: Pitheciidae,Genus: Callicebus,Species: donacophilus,White-eared Titi Monkey,Bolivian Gray Titi,Titi Monkey,Monkey,Primate,Amazonia"
Whooping Crane,NZP-20110628-062MM,"Species: americana,Genus: Grus,Family: Gruidae,Order: Gruiformes,Class: Aves,Phylum: Chordata,Kingdom:Animalia,male,rocky,Bird,Crane"
Cuban Crocodile,NZP-20160205-020CTW-000002,"Cuban Crocodile,Species: rhombifer,Genus: Crocodylus,Family: Crocodylidae,Order: Crocodylia,Class: Reptilia,Phylum: Chordata,Kingdom: Animalia,Crocodile,Reptile"
Common Opossum,NZP-20180105-8125RP,"Species: marsupialis,Genus: Didelphis,Family: Didelphidae,Order: Didelphimorphia,Class: Mammalia,Phylum: Chordata,Kingdom: Animalia,Common Opossum,Opossum,Marsupial,Minnie,SMH,Small Mammal House"
False Water Cobra,NZP-20110405-178MM,"Species: gigas,Genus: Hydrodynastes,Family: Colubridae,Order: Squamata,Class: Reptilia,Phylum: Chordata,King:Animalia,Reptile,Snake"
Golden Poison Frog,NZP-20160226-311CTW,"Species: terribilis,Genus: Phyllobates,Family: Dendrobatidae,Order: Anura,Class: Amphibia,Phylum: Chordata,Kingdom: Animalia,Amazonia,Golden Poison Frog,Poison Frog,Frog,Amphibian"
Southern Tamandua,NZP-20181029-9225RP,"Species: tetradactyla,Genus: Tamandua,Family: Myrmecophagidae,Order: Pilosa,Class: Mammalia,Phylum: Chordata,Kingdom: Animalia,Southern Tamandua,Collared Anteater,SMH,Small Mammal House"
Blue-billed Curassow,NZP-20080708-179JC,"male,endangered,Species: alberti,Genus: Crax,Family: Cracidae,Order: Galliformes,Class: Aves,Phylum: Chordata,Kingdom: Animalia,head,Bird,Fowl-like bird"
Grevy's Zebra,NZP-20100819-091MM,"Species: grevyi,Genus: Equus,Family: Equidae,Order: Perissodactyla,Class: Mammalia,Phylum: Chordata,Kingdom: Animalia,Grevy's Zebra,Zebra,Ungulate,Odd-toed Ungulate,Moyo,Male"
Asian Elephant,NZP-20180628-596SB,"Elephant Trails,Asian elephant,Maharani,Species: maximus,Genus: Elephas,Family: Elephantidae,Order: Proboscidea,Class: Mammalia,Phylum: Chordata,Kingdom: Animalia,Water"
Aldabra Tortoise,NZP-20060517-088JC,"Species: gigantea,Genus: Geochelone,Family: Testudinidae,Order: Testudines,Class: Reptilia,Phylum: Chordata,Kingdom: Animalia,Reptile,Tortoise"
Ring-tailed Lemur,NZP-20181114-3891SB,"Species: catta,Genus: Lemur,Family: Lemuridae,Order: Primates,Class: Mammalia,Phylum: Chordata,Kingdom: Animalia,Ring-tailed Lemur,Lemur,Primate"
Persian Onager,NZP-20111003-175MM,"SCBI,Species: hemionus onager,Genus: Equus,Family: Equidae,Order: Perissodactyla,Class: Mammalia,Phylum: Chordata,Kingdom: Animalia,Persian Onager,Onager,Ungulate,Odd-toed Ungulate,Front Royal,foal,baby,young"
NZP-20180326-007SB,NZP-20180326-007SB,"Amazonia,Species: didactylus,Genus: Choloepus,Family: Megalonychidae,Order: Pilosa,Class: Mammalia,Phylum: Chordata,Kingdom: Animalia,Linne's Two-toed Sloth,Linnaeusâ s Two-toed Sloth,Sloth"
Gray Seal,NZP-20170409-0725CG,"Species: grypus,Genus: Halichoerus,Family: Phocidae,Order: Carnivora,Class: Mammalia,Phylum: Chordata,Kingdom: Animalia,Gray Seal,Seal,Birdie,Pup,baby,Mother: Kara,Father: Gunther,American Trail,Pinnipede,AMT"
Gray Wolf,NZP-20121218-8149BS,"Species: lupus,Genus: Canis,Family: Canidae,Order: Carnivora,Class: Mammalia,Phylum: Chordata,Kingdom: Animalia,Gray Wolf,Wolf,Canine,AMT,American Trail,Coby"
Giant Anteater,NZP-20110407-183MM,"Species: tridactyla,Genus: Myrmecophaga,Family: Myrmecophagidae,Order: Pilosa,Class: Mammalia,Phylum: Chordata,Kingdom: Animalia,Giant Anteater,Anteater,Edentate,Pablo,male,pup,baby,Maripi,mother,female,naming ceremony,enrichment"
North American Wood Duck,NZP-20181031-148SB,"Species: sponsa,Genus: Aix,Family: Anatidae,Order: Anseriformes,Class: Aves,Phylum: Chordata,Kingdom: Animalia,North American Wood Duck,Wood Duck,duck,bird,AMT,American Trail"
Loggerhead Shrike,NZP-20160515-001CC,"Species: ludovicianus,Genus: Lanius,Family: Laniidae,Order: Passeriformes,Class: Aves,Phylum: Chordata,Kingdom:Animalia,Loggerhead Shrike,Chick,baby,young,SCBI,Front Royal,Bird"
Rock Hyrax,NZP-20180622-5404RP,"SMH,Small Mammal House,Species: capensis,Genus: Procavia,Family: Procaviidae,Order: Hyracoidea,Class: Mammalia,Phylum: Chordata,Kingdom: Animalia,Rock Hyrax"
Smithsonian Institution IDS 404 Page Not Found,NZP-20160226-422CTW,"Species: viridis,Genus: Pteroglossus,Family: Ramphastidae,Order: Piciformes,Class: Aves,Phylum: Chordata,Kingdom: Animalia,Amazonia,Green Aracari,Toucan,Bird"
Giant Panda,NZP-20091222-152MM,"Snow,Species: melanoleuca,Genus: Ailuropoda,Family: Ursidae,Order: Carnivora,Class: Mammalia,Phylum: Chordata,Kingdom: Animalia,Tian Tian,Giant Panda,Bear,male,yard,outside,winter,horizontal"
Giant Panda,NZP-20091222-189MM-000002,"Snow,Species: melanoleuca,Genus: Ailuropoda,Family: Ursidae,Order: Carnivora,Class: Mammalia,Phylum: Chordata,Kingdom: Animalia,Tian Tian,Giant Panda,Bear,male,yard,outside,winter,horizontal"
African Lion,NZP-20101026-345MM,"Swim test,Species: leo,Genus: Panthera,Family: Felidae,Order: Carnivora,Class: Mammalia,Phylum: Chordata,Kingdom: Animalia,Shera's Cubs,Cat,Lion,African Lion,cub,baby,young,cubs,horizontal,water"
Sloth Bear,NZP-20100511-35MM,"frankie,male,Species: ursinus,Genus: Melursus,Family: Ursidae,Order: Carnivora,Class: Mammalia,Phylum: Chordata,Kingdom: Animalia,horizontal,Francois,Sloth Bear,Bear,Frankie,Asia Trail"
Screaming Hairy Armadillo,NZP-20160210-267CTW,"Small Mammal House,SMH,Species: vellerosus,Genus: Chaetophractus,Family: Dasypodidae,Order: Cingulata,Class: Mammalia,Phylum: Chordata,Kingdom: Animalia,Screaming Hairy Armadillo,armadillo"
Lowland Gorilla,NZP-20181203-009MTB,"Primate,Great Ape,Ape,Species: gorilla,Genus: Gorilla,Family: Hominidae,Order: Primates,Class: Mammalia,Phylum: Chordata,Kingdom: Animalia,Lowland Gorilla,Western Gorilla,Moke,baby,young"
Rhinoceros Snake,NZP-20130206-060CPM,"reptile,Species: boulengeri,Genus: Rhyncophis,Family: Colubridae,Order: Squamata,Class: Reptilia,Phylum: Chordata,Kingdom: Animalia,snake"
Lowland Gorilla,NZP-20090210-668MM,"Haloko,Species: gorilla,Genus: Gorilla,Family: Hominidae,Order: Primates,Class: Mammalia,Phylum: Chordata,Kingdom: Animalia,Gorilla,Western Gorilla,Lowland Gorilla,female,vertical,Ape,Primate"
Lowland Gorilla,NZP-20090306-089MM,"Kojo,Kwame,Species: gorilla,Genus: Gorilla,Family: Hominidae,Order: Primates,Class: Mammalia,Phylum: Chordata,Kingdom: Animalia,horizontal,Gorilla,Lowland Gorilla,Western Gorilla,Ape,Primate,male"
Domestic Chicken,NZP-20170622-052CPM,"Species: unknown,Genus: unknown,Family: Anatidae,Order: Anseriformes,Class: Aves,Phylum: Chordata,Kingdom: Animalia,Domestic Chicken,Chicken,Fowl,Bird,Kids Farm"
Linne's Two-toed Sloth,NZP-20140807-4146CN,"Two-toed Sloth,Vlad,Species: didactylus,Genus: Choloepus,Family: Megalonychidae,Order: Pilosa,Class: Mammalia,Phylum: Chordata,Kingdom: Animalia,SMH,Small Mammal House,Sloth,Edentate,two-toed sloth,Linne's Two-toed Sloth,Xenarthra"
Southern Tamandua,NZP-20150517-8716CN-000001,"Anteater,Manny,Tamandua,Species: tetradactyla,Genus: Tamandua,Family: Myrmecophagidae,Order: Pilosa,Class: Mammalia,Phylum: Chordata,Kingdom: Animalia,Edentate,Xenarthara,Southern Tamandua,SMH,Small Mammal House,female,male,Collard Anteater,horizontal"
Schmidt's Red-tailed Monkey,NZP-20150909-0206MM,"Class: Mammalia,Family: Cercopithecidae,Genus: Cercopithecus,Kingdom: Animalia,Monkey,Order: Primates,Phylum: Chordata,Primate,Red-tailed Guenon,Schmidt's Red-tailed Monkey,Species: ascanius,Think Tank"
Red-footed Tortoise,NZP-2558-30JC,"Species: carbonaria,Genus: Geochelone,Family: Testudinidae,Order: Testudines,Class: Reptilia,Phylum: Chordata,Kingdom: Animalia,Reptile,Tortoise"
Vietnamese Mossy Frog,NZP-20060711-228JC,"Species: corticale,Genus: Theloderma,Family: Rhacophoridae,Order: Anura,Class: Amphibia,Phylum: Chordata,Kingdom: Animalia,Amphibian"
Hawk-headed Parrot,NZP-20181114-4286SB,"Species: accipitrinus,Genus: Deroptyus,Family: Psittacidae,Order: Psittaciformes,Class: Aves,Phylum: Chordata,Kingdom: Animalia,Hawk-headed Parrot,Red-fan Parrot,Parrot,Bird,Amazonia"
Clouded Leopard Cub,NZP-20190904_0435SP,"Smithsonian's National Zoo & Conservation Biology Institute,National Zoo,Smithsonian Institution,NZP,Open Access,Open Access/CCO,CCO,Kingdom: Animalia,Phylum: Chordata,Class: Mammalia,Order: Carnivora,Family: Felidae/Pantherinae,Genus and Species: Neofelis nebulosa,Mammals,Carnivores,Couded Leopards"
Prehensile-tailed Porcupine,NZP-20100615-034MM,"Clark,Species: prehensilis,Genus: Coendou,Family: Erethizontidae,Order: Rodentia,Class: Mammalia,Phylum: Chordata,Kingdom: Animalia,Rodent,Prehensile-tailed Porcupine,Porcupine,SMH,Small Mammal House,Brazilian Porcupine,Coendu,male,horizontal"
Fennec Fox,NZP-20160306-3028CN,"Fennec Fox,SMH,Small Mammal House,Species: zerda,Genus: Vulpes,Family: Canidae,Order: Carnivora,Class: Mammalia,Phylum: Chordata,Kingdom: Animalia,Fox,Canine,hand rearing,Animal Care Staff"
Caracal,NZP-20060822-136JC-000001,"male,Kibaru,Species: caracal,Genus: Caracal,Family: Felidae,Order: Carnivora,Class: Mammalia,Phylum: Chordata,Kingdom: Animalia,Caracal,Cat"
Giant Panda,NZP-20070705-593MM,"Tai Shan,Bamboo,Species: melanoleuca,Genus: Ailuropoda,Family: Ursidae,Order: Carnivora,Class: Mammalia,Phylum: Chordata,Kingdom: Animalia,male,Giant Panda,Bear,yard,outside,horizontal"
Ruppell's Griffon Vulture,NZP-20160731-001GM,"Species: rueppellii,Genus: Gyps,Family: Accipitridae,Order: Falconiformes,Class: Aves,Phylum: Chordata,Kingdom: Animalia,Ruppell's Griffon Vulture,Vulture,Bird,Bird of Prey,Tuck,male"
Schmidt's Red-tailed Monkey,NZP-20150909-0211MM,"Class: Mammalia,Family: Cercopithecidae,Genus: Cercopithecus,Kingdom: Animalia,Monkey,Order: Primates,Phylum: Chordata,Primate,Red-tailed Guenon,Schmidt's Red-tailed Monkey,Species: ascanius,Think Tank"
Naked Mole-rat,NZP-20111005-162MM-000001,"Species: glaber,Genus: Heterocephalus,Family: Bathyergidae,Order: Rodentia,Class: Mammalia,Phylum: Chordata,Kingdom: Animalia,Mole-rat,Naked Mole-rat,Rodent,SMH,Small Mammal House"
Red-crowned Crane,NZP-20140925-40953JA,"Front Royal,SCBI,Species: japonensis,Genus: Grus,Family: Gruidae,Order: Gruiformes,Class: Aves,Phylum: Chordata,Kingdom: Animalia,Bird,Crane"
Chinchilla,NZP-20141121-023CPM-000001,"Species: lanigera,Genus: Chinchilla,Family: Chinchillidae,Order: Rodentia,Class: Mammalia,Phylum: Chordata,Kingdom: Animalia,Chinchilla,Rodent,SMH,Small Mammal House,horizontal"
Sumatran Tiger,NZP-20040809-306JC,"Species: tigris sumatrae,Genus: Panthera,Family: Felidae,Order: Carnivora,Class: Mammalia,Phylum: Chordata,Kingdom: Animalia,Cat,Tiger,Sumatran Tiger,horizontal,cub,young,baby"
Stanley Crane,NZP-20080827-419JC,"Species: paradiseus,Genus: Anthropoides,Family: Gruidae,Order: Gruiformes,Class: Aves,Phylum: Chordata,Kingdom: Animalia,head,Bird,Crane"
Giant Panda,NZP-20070912-326MM,Tai Shan Species: melanoleuca Genus: Ailuropoda Family: Ursidae Order: Carnivora Class: Mammalia Phylum: Chordata Kingdom: Animalia
Screaming Hairy Armadillo,NZP-20141122-4563CN,"SMH,Small Mammal House,Species: vellerosus,Genus: Chaetophractus,Family: Dasypodidae,Order: Cingulata,Class: Mammalia,Phylum: Chordata,Kingdom: Animalia,mammal,edentate,horizontal,Armadillo,Edentate,Xenarthara,Screaming hairy armadillo"
Giant Panda,NZP-20180608-137SB,"Tian Tian,Species: melanoleuca,Genus: Ailuropoda,Family: Ursidae,Order: Carnivora,Class: Mammalia,Phylum: Chordata,Kingdom: Animalia,Bear,Asia Trail,Giant Panda"
Timor Python,NZP-20141217-007CPM-000002,"Species: timoriensis,Genus: Python,Family: Pythonidae,Order: Squamata,Class: Reptilia,Phylum: Chordata,Kingdom: Animalia,Reptile,snake,Reptile house"
Black-and-white Ruffed Lemur,NZP-20181114-8734SB,"Species: variegata,Genus: Varecia,Family: Lemuridae,Order: Primates,Class: Mammalia,Phylum: Chordata,Kingdom: Animalia,Black and White Ruffed Lemur,Ruffed Lemur,Primate,Lemur"
Orangutan,NZP-20110524-329MM,"enrichment,Pongo pygmaeus: Bornea and Pongo abelii: Sumatran,Species: pygmaeus,Genus: Pongo,Family: Hominidae,Order: Primates,Class: Mammalia,Phylum: Chordata,Kingdom: Animalia,Lucy,lookie lou,mirror,Orangutan,Ape,female,outside,horizontal"
Green-crested Basilisk,NZP-20110526-012MM,"Species: plumifrons,Genus: Basiliscus,Family: Corytophanidae,Order: Squamata,Class: Reptilia,Phylum: Chordata,Kingdom: Animalia,Reptile,Lizard,Reptile house,horizontal"
Abyssinian Ground Hornbill,NZP-20160316-0932AE,"Abyssinian Ground Hornbill,Bird,Class: Aves,Family: Bucorvidae,Genus: Bucorvus,Hornbill,Kingdom: Animalia,Northern Ground Hornbill,Order: Coraciiformes,Phylum: Chordata,Species: abyssinicus"
Degu,NZP-20111005-093MM-000001,"Species: degus,Genus: Octodon,Family: Octodontidae,Order: Rodentia,Class: Mammalia,Phylum: Chordata,Kingdom: Animalia,Degu,SMH,Small Mammal House,Rodent"
Screaming Hairy Armadillo,NZP-20150228-0182CN,"Armadillo,Screaming Hairy Armadillo,Walter,Species: vellerosus,Genus: Chaetophractus,Family: Dasypodidae,Order: Cingulata,Class: Mammalia,Phylum: Chordata,Kingdom: Animalia,Small Mammal House,SMH,Edentate,Xenarthara,Screaming hairy armadillo,horizontal,male"
Giant Leaf-tailed Gecko,NZP-20180131-9092JPJ,"Reptile,Species: fimbriatus,Genus: Uroplatus,Family: Gekkonidae,Order: Squamata,Class: Reptilia,Phylum: Chordata,Kingdom: Animalia,Giant Leaf-tailed Gecko,Gecko"
Giant Panda Bei Bei in a tree,NZP-20190612_052CPM-000001,"Smithsonian's National Zoo & Conservation Biology Institute,National Zoo,Smithsonian Institution,NZP,Open Access,Open Access/CCO,CCO,Giant Pandas,Bei Bei,Mammalia,Carnivora,Ursidae,Ailuropoda melanoleuca"
Tomato Frog,NZP-20151207-008AP,"Species: guineti,Genus: Dyscophus,Family: Microhylidae,Order: Anura,Class: Amphibia,Phylum: Chordata,Kingdom: Animalia,Frog,Tomato Frog,Amphibian"
Brazillian Agouti,NZP-20180622-5506RP,"Agouti,SMH,Small Mammal House,Species: leporina,Genus: Dasyprocta,Family: Dasyproctidae,Order: Rodentia,Class: Mammalia,Phylum: Chordata,Kingdom: Animalia,Brazillian Agouti,Red-rumped Agouti,Rodent"
Red River Hog,NZP-20160204-018CTW,"Red River Hog,Cheetah Conservation Station,Species: porcus,Genus: Potamochoerus,Family: Suidae,Order: Cetartiodactyla,Class: Mammalia,Phylum: Chordata,Kingdom: Animalia,Hog,Ungulate,Kid's Farm,Even-toed ungulate"
Arapaima,NZP-20130613-25AW,"Arapaima,Species: gigas,Genus: Arapaima,Family: Osteoglossidae,Order: Osteoglossiformes,Class: Actinopterygii,Phylum: Chordata,Kingdom: Animalia,Amazonia,horizontal"
Prehensile-tailed Porcupine,NZP-20100615-058MM,"Clark,Species: prehensilis,Genus: Coendou,Family: Erethizontidae,Order: Rodentia,Class: Mammalia,Phylum: Chordata,Kingdom: Animalia,Rodent,Prehensile-tailed Porcupine,Porcupine,SMH,Small Mammal House,Brazilian Porcupine,Coendu,male,horizontal"
Cuban Crocodile,NZP-20130206-020CPM-000001,"Species: rhombifer,Genus: Crocodylus,Family: Crocodylidae,Order: Crocodylia,Class: Reptilia,Phylum: Chordata,Kingdom: Animalia,baby,Reptile,Crocodilian,Crocodile"
Eld's Deer,NZP-20101102-170MM,"SCBI,Front Royal,Fall foliage,Species: eldii,Genus: Rucervus,Family: Cervidae,Order: Artiodactyla,Class: Mammalia,Phylum: Chordata,Kingdom: Animalia,Eld's Deer,Burmese Brow-antlered Deer,Deer,Ungulate,Even-toed ungulate,fall color,female"
Alpaca,NZP-20110826-068MM,"Species: pacos,Genus: Lama,Family: Camelidae,Order: Artiodactyla,Class: Mammalia,Phylum: Chordata,Kingdom: Animalia,Kid's Farm,Alpaca,Ungulate,Even-toed ungulate,Orion,male"
North American River Otter,NZP-20080910-315MM,"Species: canadensis,Genus: Lontra,Family: Mustelidae,Order: Carnivora,Class: Mammalia,Phylum: Chordata,Kingdom: Animalia,North American River Otter,Otter,Mustelid,Beaver Valley,American Trail"
Damaraland Mole-rat,NZP-20111005-218MM,"Species: damarensis,Genus: Cryptomys,Family: Bathyergidae,Order: Rodentia,Class: Mammalia,Phylum: Chordata,Kingdom: Animalia,Mole-rat,Damaraland Mole-rat,Rodent,SMH,Small Mammal House,horizontal"
Sinaloan Milksnake,NZP-20050609-508JC,"Species: triangulum,Genus: Lampropeltis,Family: Colubridae,Order: Squamata,Class: Reptilia,Phylum: Chordata,Kingdom: Animalia,Reptile,Snake"
Fishing Cat,NZP-20060920-149MM-000001,"Fishing Cat,Species: viverrinus,Genus: Prionailurus,Family: Felidae,Order: Carnivora,Class: Mammalia,Phylum: Chordata,Kingdom: Animalia,Cat,Asia Trail,horizontal,water,Electra,female"
Tokay Gecko,NZP-2559-5JC,"Species: gecko,Genus: Gekko,Family: Gekkonidae,Order: Squamata,Class: Reptilia,Phylum: Chordata,Kingdom: Animalia,reptile,lizard"
Hawk-headed Parrot,NZP-20181114-4038SB,"Species: accipitrinus,Genus: Deroptyus,Family: Psittacidae,Order: Psittaciformes,Class: Aves,Phylum: Chordata,Kingdom: Animalia,Hawk-headed Parrot,Red-fan Parrot,Parrot,Bird,Amazonia"
Guam Rail,NZP-6077-42JC,"Species: owstoni,Genus: Gallirallus,Family: Rallidae,Order: Gruiformes,Class: Aves,Phylum: Chordata,Kingdom: Animalia,1994"
Sloth Bear,NZP-20080410-221MM,"Khali,female,Species: ursinus,Genus: Melursus,Family: Ursidae,Order: Carnivora,Class: Mammalia,Phylum: Chordata,Kingdom: Animalia,Bear,Sloth Bear,Asia Trail,horizontal"
Banded Rock Rattlesnake,NZP-20180131-9142JPJ,"Kingdom: Animalia,Phylum: Chordata,Class: Reptilia,Order: Squamata,Family: Viperidae,Genus: Crotalus,Species: lepidus,Banded Rock Rattlesnake,snake,Reptile"
Lowland Gorilla,NZP-20020429-7740JC,"Species: gorilla,Genus: Gorilla,Family: Hominidae,Order: Primates,Class: Mammalia,Phylum: Chordata,Kingdom: Animalia,Gorilla,Western Gorilla,Lowland Gorilla,Kigali,female,horizontal,Ape,Primate"
Caiman Lizard,NZP-20180127-6600JJ,"Reptile,Species: guianensis,Genus: Dracaena,Family: Teiidae,Order: Squamata,Class: Reptilia,Phylum: Chordata,Kingdom: Animalia,Caiman Lizard,Lizard"
Clouded Leopard Cub,NZP-20190909_0625SP,"Smithsonian's National Zoo & Conservation Biology Institute,National Zoo,Smithsonian Institution,NZP,Open Access,Open Access/CCO,CCO,Kingdom: Animalia,Phylum: Chordata,Class: Mammalia,Order: Carnivora,Family: Felidae/Pantherinae,Genus and Species: Neofelis nebulosa,Mammals,Carnivores,Couded Leopards"
Oriental Fire-bellied Toad,NZP-20081211-164MM,"water,Species: orientalis,Genus: Bombina,Family: Discoglossidae,Order: Anura,Class: Amphibia,Phylum: Chordata,Kingdom: Animalia,Amphibian"
Porcupette,NZP-20191108_006RP,"Smithsonian's National Zoo & Conservation Biology Institute,National Zoo,Smithsonian Institution,Animals,NZP,Open Access/CCO,Open Access,CCO,prehensile-tailed porcupines,porcupettes,Mammals,Mammalia,Rodents,Rodentia,Erethizontidae,Coendou prehensilis"
Giant Panda,NZP-26-PEN-4-26JC,"Species: melanoleuca,Genus: Ailuropoda,Family: Ursidae,Order: Carnivora,Class: Mammalia,Phylum: Chordata,Kingdom: Animalia,May 1980,Hsing-Hsing,Ling-Ling,Giant Panda,Bear,horizontal,panda furniture,yard,outside,encounter"
Red River Hog,NZP-20180120-003CPM,"Species: porcus,Genus: Potamochoerus,Family: Suidae,Order: Cetartiodactyla,Class: Mammalia,Phylum: Chordata,Kingdom: Animalia,Red River Hog,Hog,Ungulate,Even-toed ungulate"
Banded Leporinus,NZP-20100928-130MM,"Species: affinus,Genus: Leporinus,Family: Anostomidae,Order: Characiformes,Class: Actinopterygii,Phylum: Chordata,Kingdom: Animalia,Amazonia,fish,horizontal,banded leporinus"
Clouded Leopard Cub,NZP-20190904_0434SP,"Smithsonian's National Zoo & Conservation Biology Institute,National Zoo,Smithsonian Institution,NZP,Open Access,Open Access/CCO,CCO,Kingdom: Animalia,Phylum: Chordata,Class: Mammalia,Order: Carnivora,Family: Felidae/Pantherinae,Genus and Species: Neofelis nebulosa,Mammals,Carnivores,Couded Leopards"
Lesser Kudu,NZP-20171103-007GM,"Cheetah Conservation Station,Species: imberbis,Genus: Tragelaphus,Family: Bovidae,Order: Cetartiodactyla,Class: Mammalia,Phylum: Chordata,Kingdom: Animalia,Lesser Kudu,Even-toed Ungulate,Ungulate,Garrett"
Giant Panda,NZP-20081107-499MM-000002,"fall color,fall leaves,Tai Shan,Species: melanoleuca,Genus: Ailuropoda,Family: Ursidae,Order: Carnivora,Class: Mammalia,Phylum: Chordata,Kingdom: Animalia,Giant Panda,Bear,male,yard,outside,horizontal,fall foliage"
Prehensile-tailed Porcupine,NZP-20090901-013MM,"baby,Species: prehensilis,Genus: Coendou,Family: Erethizontidae,Order: Rodentia,Class: Mammalia,Phylum: Chordata,Kingdom: Animalia,Rodent,Prehensile-tailed Porcupine,Porcupine,SMH,Small Mammal House,Brazilian Porcupine,infant,young,Coendu,horizontal"
African Lion,NZP-20110524-140MM,"Species: leo,Genus: Panthera,Family: Felidae,Order: Carnivora,Class: Mammalia,Phylum: Chordata,Kingdom: Animalia,cubs,Cat,Lion,African Lion,cub,baby,young,horizontal,Luke,male,father"
Chinese Three-striped Box Turtle,NZP-20131219-2665AW,"Kingdom: Animalia,Phylum: Chordata,Class: Reptilia,Order: Testudines,Family: Bataguridae,Genus: Cuora,Species: bourreti,Reptile,Turtle"
Channel Catfish,NZP-20170622-084CPM-000001,"Species: punctatus,Genus: Ictalurus,Family: Ictaluridae,Order: Siluriformes,Class: Actinopterygii,Phylum: Chordata,Kingdom: Animalia,Channel Catfish,Catfish,Fish,Kids Farm"
Asian Small-clawed Otter,NZP-20070723-363MM-000001,"Asia Trail,Species: cinerea,Genus: Aonyx,Family: Mustelidae,Order: Carnivora,Class: Mammalia,Phylum: Chordata,Kingdom: Animalia,Otter,Mustelid,Asian Small-clawed otter,horizontal"
Black-and-white Ruffed Lemur,NZP-20181114-4003SB,"Species: variegata,Genus: Varecia,Family: Lemuridae,Order: Primates,Class: Mammalia,Phylum: Chordata,Kingdom: Animalia,Black-and-white Ruffed Lemur,Lemur,Primate"
Gray Seal,NZP-20140320-165CPM,"Species: grypus,Genus: Halichoerus,Family: Phocidae,Order: Carnivora,Class: Mammalia,Phylum: Chordata,Kingdom: Animalia,Pup,American Trail,Rona,Gray Seal,Seal,Pinnipede,Fish,behind the lines,AMT,Mother: Kara"
Porcupette,NZP-20191108_008RP,"Smithsonian's National Zoo & Conservation Biology Institute,National Zoo,Smithsonian Institution,Animals,NZP,Open Access/CCO,Open Access,CCO,prehensile-tailed porcupines,porcupettes,Mammals,Mammalia,Rodents,Rodentia,Erethizontidae,Coendou prehensilis"
Przewalski's Wild Horse,NZP-20050620-124JC,"Species: przewalskii,Genus: Equus,Family: Equidae,Order: Perissodactyla,Class: Mammalia,Phylum: Chordata,Kingdom: Animalia,Przewalski's Wild Horse,Wild Horse,Horse,P Horse,Ungulate,Odd-toed Ungulate,SCBI,Front Royal,male,horizontal"
Malagasy Jumping Rat,NZP-20130421-002CN-000001,"Giant Jumping Rat,Malagasay Giant Jumping Rat,Small Mammal House,SMH,Species: antimena,Genus: Hypogeomys,Family: Nesomyidae,Order: Rodentia,Class: Mammalia,Phylum: Chordata,Kingdom: Animalia,Rodent,Rat"
Giant Panda,NZP-20070321-092MM,"Mei Xiang,Yard 2,Species: melanoleuca,Genus: Ailuropoda,Family: Ursidae,Order: Carnivora,Class: Mammalia,Phylum: Chordata,Kingdom: Animalia,female,Bear,Giant Panda,yard,outside,horizontal"
Red Panda,NZP-20080829-208MM,"Asia Trail,male,female,Species: fulgens,Genus: Ailurus,Family: Ailuridae,Order: Carnivora,Class: Mammalia,Phylum: Chordata,Kingdom: Animalia,Red Panda,horizontal,Shama,Wicket,tree"
Red-fronted Lemur,NZP-20181114-3913SB,"Species: rufus,Genus: Eulemur,Family: Lemuridae,Order: Primates,Class: Mammalia,Phylum: Chordata,Kingdom: Animalia,Red-fronted Lemur,Lemur,Primate,pumpkin,Thanksgiving"
Von der Decken's Hornbill,NZP-20160209-022CTW,"Von der Decken's Hornbill,Small Mammal House,Species: deckeni,Genus: Tockus,Family: Bucerotidae,Order: Coraciiformes,Class: Aves,Phylum: Chordata,Kingdom: Animalia,Hornbill,Bird,SMH"
Channel Catfish,NZP-20160518-1340NM,"Kids Farm,Catfish,Channel Catfish,fish,Species: punctatus,Genus: Ictalurus,Family: Ictaluridae,Order: Siluriformes,Class: Actinopterygii,Phylum: Chordata,Kingdom: Animalia"
Moyo the Grevy's Zebra,NZP-20190322_036CPM,"Smithsonian's National Zoo & Conservation Biology Institute,National Zoo,Smithsonian Institution,NZP,Open Access,Open Access/CCO,CCO,Grevy's Zebra,Mammalia,Mamma,s,Perissodactyla,Equidae,Equus grevyi"
White-naped Crane,NZP-20170629-1241RP,"SCBI,White-naped Crane,Front Royal,Species: vipio,Genus: Grus,Family: Gruidae,Order: Gruiformes,Class: Aves,Phylum: Chordata,Kingdom: Animalia,Crane,Bird"
American Bison,NZP-20141105-008CPM,"Species: bison,Genus: Bison,Family: Bovidae,Order: Artiodactyla,Class: Mammalia,Phylum: Chordata,Kingdom: Animalia,American Bison,Bison,Ungulate,Even-toed ungulate,Zora"
La Plata Three-banded Armadillo,NZP-20111005-064MM,"Species: matacus,Genus: Tolypeutes,Family: Dasypodidae,Order: Cingulata,Class: Mammalia,Phylum: Chordata,Kingdom: Animalia,Armadillo,Three banded armadillo,Edentate,Xenarthara,La Plata Three-banded Armadillo,Southern Three-banded Armadillo,SMH,Small Mammal House,horizontal"
American Beaver,NZP-20181031-112SB-000001,"Species: canadensis,Genus: Castor,Family: Castoridae,Order: Rodentia,Class: Mammalia,Phylum: Chordata,Kingdom: Animalia,American Beaver,Beaver,Rodent,AMT,American Trail"
Abyssinian Ground Hornbill,NZP-20160730-019GM,"Species: abyssinicus,Genus: Bucorvus,Family: Bucorvidae,Order: Coraciiformes,Class: Aves,Phylum: Chordata,Kingdom: Animalia,Abyssinian Ground Hornbill,Hornbill,Bird,Klarisse,female"
Rhinoceros Snake,NZP-20101116-076MM,"Species: boulengeri,Genus: Rhyncophis,Family: Colubridae,Order: Squamata,Class: Reptilia,Phylum: Chordata,Kingdom: Animalia,Reptile,Snake,open mouth"
NZP-20190912_117SB,NZP-20190912_117SB,"Smithsonian's National Zoo & Conservation Biology Institute,National Zoo,Smithsonian Institution,NZP,Open Access,Open Access/CCO,CCO,Kingdom: Animalia,Phylum: Chordata,Class: Mammalia,Order: Primates,Family: Hylobatidae,Genus and Species: Symphalangus syndactylus,Mammals,Great Apes,Siamangs"
Asian Elephant,NZP-20160323-90AM,"Species: maximus,Genus: Elephas,Family: Elephantidae,Order: Proboscidea,Class: Mammalia,Phylum: Chordata,Kingdom: Animalia,Asian Elephant,Elephant,Shanthi,female"
Cuban Crocodile,NZP-20160216-018CTW,"Species: rhombifer,Genus: Crocodylus,Family: Crocodylidae,Order: Crocodylia,Class: Reptilia,Phylum: Chordata,Kingdom: Animalia,Cuban Crocodile,Crocodile,Reptile,juvenile"
White-eared Titi Monkey,NZP-20180920-5101SB,"Kingdom: Animalia,Phylum: Chordata,Class: Mammalia,Order: Primates,Family: Pitheciidae,Genus: Callicebus,Species: donacophilus,White-eared Titi Monkey,Bolivian Gray Titi,Titi Monkey,Primate,Amazonia"
Common Opossum,NZP-20180107-8639CN-000001,"Species: marsupialis,Genus: Didelphis,Family: Didelphidae,Order: Didelphimorphia,Class: Mammalia,Phylum: Chordata,Kingdom: Animalia,Common Opossum,Opossum,Marsupial,Minnie,SMH,Small Mammal House"
Maned Wolf,NZP-20160729-011GM,"Species: brachyurus,Genus: Chrysocyon,Family: Canidae,Order: Carnivora,Class: Mammalia,Phylum: Chordata,Kingdom: Animalia,Maned Wolf,Wolf,Canine,Mateo,male"
Brazilian Rainbow Boa,NZP-20031208-245JC,"Species: cenchria,Genus: Epicrates,Family: Boidae,Order: Squamata,Class: Reptilia,Phylum: Chordata,Kingdom: Animalia,Reptile,Snake"
Short-eared Elephant Shrew,NZP-20160219-054CTW,"Species: proboscideus,Genus: Macroscelides,Family: Macroscelididae,Order: Macroscelidea,Class: Mammalia,Phylum: Chordata,King:Animalia,Short-eared Elephant Shrew,Shrew,SMH,Small Mammal House"
Electric Eel,NZP-20171003-4301RP,"Genus: Electrophorus,Family: Gymnotidae,Order: Gymnotiformes,Class: Actinopterygii,Phylum: Chordata,Kingdom: Animalia,Electric Eel,Eel,fish,Amazonia"
Norway Rat,NZP-20110506-034MM,"Species: norvegicus,Genus: Rattus,Family: Muridae,Order: Rodentia,Class: Mammalia,Phylum: Chordata,Kingdom: Animalia,Norway Rat,Brown Rat,Rodent,Think Tank"
Asian Small-clawed Otter,NZP-20080409-395MM,"female,Asia Trail,Species: cinerea,Genus: Aonyx,Family: Mustelidae,Order: Carnivora,Class: Mammalia,Phylum: Chordata,Kingdom: Animalia,Otter,Mustelid,Asian Small-clawed otter,horizontal"
Aquatic Caecilian,NZP-20081204-241JC,Species: natans Genus: Typhlonectes Family: Caeciliidae Order: Gymnophiona Class: Amphibia Phylum: Chordata Kingdom: Animalia adult Amazonia Exhibit Amphibian
Southern Tamandua,NZP-20181029-9223RP,"Species: tetradactyla,Genus: Tamandua,Family: Myrmecophagidae,Order: Pilosa,Class: Mammalia,Phylum: Chordata,Kingdom: Animalia,Southern Tamandua,Collared Anteater,SMH,Small Mammal House"
Gray Wolf,NZP-20180117-8429RP,"Species: lupus,Genus: Canis,Family: Canidae,Order: Carnivora,Class: Mammalia,Phylum: Chordata,Kingdom: Animalia,Gray Wolf,Wolf,Canine,American Trail,snow,winter,Coby,male"
Matamata,NZP-20071227-110MM,"turtle,Species: fimbriatus,Genus: Chelus,Family: Chelidae,Order: Testudines,Class: Reptilia,Phylum: Chordata,Kingdom: Animalia,Reptile"
Degu,NZP-20131207-004CN,"Species: degus,Genus: Octodon,Family: Octodontidae,Order: Rodentia,Class: Mammalia,Phylum: Chordata,Kingdom: Animalia,Degu,SMH,Small Mammal House,Rodent"
Asian Small-clawed Otter,NZP-20070723-148MM,"Asia Trail,Species: cinerea,Genus: Aonyx,Family: Mustelidae,Order: Carnivora,Class: Mammalia,Phylum: Chordata,Kingdom: Animalia,Otter,Mustelid,Asian Small-clawed otter,horizontal"
Timor Python,NZP-20110809-134MM,"Species: timoriensis,Genus: Python,Family: Pythonidae,Order: Squamata,Class: Reptilia,Phylum: Chordata,Kingdom: Animalia,reptile,snake,Reptile house,horizontal"
Schmidt's Red-tailed Monkey,NZP-20150909-0223MM,"Allen's Swamp Monkey,Class: Mammalia,Family: Cercopithecidae,Genus: Allenopithecus,Genus: Cercopithecus,Kingdom: Animalia,Monkey,Order: Primates,Phylum: Chordata,Primate,Red-tailed Guenon,Schmidt's Red-tailed Monkey,Species: ascanius,Species: nigroviridis,Think Tank"
Przewalski's Wild Horse,NZP-20080703-1102JC,"Species: przewalskii,Genus: Equus,Family: Equidae,Order: Perissodactyla,Class: Mammalia,Phylum: Chordata,Kingdom: Animalia,Przewalski's Wild Horse,Wild Horse,Horse,P Horse,Ungulate,Odd-toed Ungulate,SCBI,Front Royal,foal,Princess Polywog,baby,young,female,filly,horizontal"
Fishing Cat,NZP-20110217-116MM,"Species: viverrinus,Genus: Prionailurus,Family: Felidae,Order: Carnivora,Class: Mammalia,Phylum: Chordata,Kingdom: Animalia,Fishing Cat,Cat,Lek,male,Asia Trail"
Roseate Spoonbill,NZP-20160226-343CTW,"Species: ajaja,Genus: Ajaia,Family: Threskiornithidae,Order: Ciconiiformes,Class: Aves,Phylum: Chordata,Kingdom: Animalia,Amazonia,Roseate Spoonbill,Spoonbill,Bird"
African Lion,NZP-20080117-316MM,"snow,bone,Species: leo,Genus: Panthera,Family: Felidae,Order: Carnivora,Class: Mammalia,Phylum: Chordata,Kingdom: Animalia,African Lion,Lion,Cat,male,horizontal,winter,Luke"
Brown Kiwi,NZP-20100611-087MM,"female,Species: australis,Genus: Apteryx,Family: Apterygidae,Order: Struthioniformes,Class: Aves,Phylum: Chordata,Kingdom: Animalia,chick,young,baby,Bird,Kiwi"
Black-tailed Prairie Dog,NZP-20160130-9089CN,Prairie Dog
American Guinea Pig Tuta,NZP-20191215_009CC,"Smithsonian's National Zoo & Conservation Biology Institute,National Zoo,Smithsonian Institution,NZP,Open Access,Open Access/CCO,CCO,Kingdom: Animalia,Phylum: Chordata,Class: Mammalia,Order: Rodentia,Family: Caviidae,Genus and Species: Cavia porcellus,Rodents,Guinea Pigs,Mammals,Amazonia Exhibit"
Fly River Turtle,NZP-20160216-010CTW,"Species: insculpta,Genus: Carettochelys,Family: Carettockelyidae,Order: Testudines,Class: Reptilia,Phylum: Chordata,Kingdom: Animalia,Fly River Turtle,Turtle,Reptile"
Lesser Kudu,NZP-20160730-022GM,"Species: imberbis,Genus: Tragelaphus,Family: Bovidae,Order: Cetartiodactyla,Class: Mammalia,Phylum: Chordata,Kingdom: Animalia,lesser kudu,Kudu,Garrett,male,Ungulate,Even-toed Ungulate,Lesser Kudu"
Red Panda,NZP-20130618-5093AW-000001,"Species: fulgens,Genus: Ailurus,Family: Ailuridae,Order: Carnivora,Class: Mammalia,Phylum: Chordata,Kingdom: Animalia,Rusty,male,Asia Trail,horizontal,Red Panda,tree"
Emu,NZP-20060328-57JC-000001,"male,Darwin,Species: novaehollandiae,Genus: Dromaius,Family: Dromaiidae,Order: Struthioniformes,Class: Aves,Phylum: Chordata,Kingdom: Animalia,Bird,Ratites"
Tokay Gecko,NZP-2559-4JC,"Species: gecko,Genus: Gekko,Family: Gekkonidae,Order: Squamata,Class: Reptilia,Phylum: Chordata,Kingdom: Animalia,reptile,lizard"
Caiman Lizard,NZP-20130313-038CPM-000001,"Species: guianensis,Genus: Dracaena,Family: Teiidae,Order: Squamata,Class: Reptilia,Phylum: Chordata,Kingdom: Animalia,Reptile,Lizard"
Brazillian Agouti,NZP-20160210-263CTW,"Small Mammal House,SMH,Species: leporina,Genus: Dasyprocta,Family: Dasyproctidae,Order: Rodentia,Class: Mammalia,Phylum: Chordata,Kingdom: Animalia,Agouti,Brazillian Agouti,rodent"
Silver Arowana,NZP-20150121-8675AW-000001,"Amazonia,Fish,Species: bicirrhosum,Genus: Osteoglossum,Family: Osteoglossidae,Order: Osteoglossiformes,Class: Actinopterygii,Phylum: Chordata,Kingdom: Animalia,horizontal,Silver Arowana"
Giant Leaf-tailed Gecko,NZP-20180131-9094JPJ,"Reptile,Species: fimbriatus,Genus: Uroplatus,Family: Gekkonidae,Order: Squamata,Class: Reptilia,Phylum: Chordata,Kingdom: Animalia,Giant Leaf-tailed Gecko,Gecko"
Clouded Leopard Cub,NZP-20190904_0446SP,"Smithsonian's National Zoo & Conservation Biology Institute,National Zoo,Smithsonian Institution,NZP,Open Access,Open Access/CCO,CCO,Kingdom: Animalia,Phylum: Chordata,Class: Mammalia,Order: Carnivora,Family: Felidae/Pantherinae,Genus and Species: Neofelis nebulosa,Mammals,Carnivores,Couded Leopards"
Red-fronted Lemur,NZP-20181114-3926SB,"Species: rufus,Genus: Eulemur,Family: Lemuridae,Order: Primates,Class: Mammalia,Phylum: Chordata,Kingdom: Animalia,Red-fronted Lemur,Lemur,Primate,pumpkin,Thanksgiving"
Screaming Hairy Armadillo,NZP-20150208-9533CN,"Armadillo,Screaming Hairy Armadillo,Walter,Species: vellerosus,Genus: Chaetophractus,Family: Dasypodidae,Order: Cingulata,Class: Mammalia,Phylum: Chordata,Kingdom: Animalia,Small Mammal House,SMH,Edentate,Xenarthara,Screaming hairy armadillo,horizontal,male"
Sand Cat,NZP-20140901-7385CN-000001,"Thor,Species: margarita,Genus: Felis,Family: Felidae,Order: Carnivora,Class: Mammalia,Phylum: Chordata,Kingdom: Animalia,SMH,Small Mammal House,Cat,Sand Cat,male,horizontal"
Holstein Cow,NZP-20180514-428RP,"Species: taurus,Genus: Bos,Family: Bovidae,Order: Artiodactyla,Class: Mammalia,Phylum: Chordata,Kingdom: Animalia,Holstein Cow,Cow,Ungulate,Magnolia,calf,young,Kids Farm,Even-toed Ungulate"
Lowland Gorilla,NZP-20090514-081MM,"infant,baby,Kibibi,Mandara,Species: gorilla,Genus: Gorilla,Family: Hominidae,Order: Primates,Class: Mammalia,Phylum: Chordata,Kingdom: Animalia,vertical,Gorilla,Lowland Gorilla,Western Gorilla,Ape,Primate,young"
Red Ruffed Lemur,NZP-20140215-7603CN,"Coronado,Species: rubra,Genus: Varecia,Family: Lemuridae,Order: Primates,Class: Mammalia,Phylum: Chordata,Kingdom: Animalia,SMH,Small Mammal House,Lemur,Red-Ruffed Lemur,Primate,Prosimian,horizontal"
Black-footed Ferret,NZP-20090828-278MM,"CRC,AI,artificial insemination,Mother,Adult,Species: nigripes,Genus: Mustela,Family: Mustelidae,Order: Carnivora,Class: Mammalia,Phylum: Chordata,Kingdom: Animalia,BFF,Black-footed Ferret,Ferret,Mustelid,SCBI,Front Royal,vertical"
Greater Rhea,NZP-20080424-365MM,"Species: americana,Genus: Rhea,Family: Rheidae,Order: Struthioniformes,Class: Aves,Phylum: Chordata,Kingdom: Animalia,female,Bird,Ratites"
Violet Line Piranha,NZP-20150528-066CPM,"Species: geryi,Genus: Serrasalmus,Family: Characidae,Order: Characiformes,Class: Actinopterygii,Phylum: Chordata,Kingdom: Animalia,Violet Line Piranha,Piranaha,Fish,Amazonia"
Red Panda,NZP-20130618-5109AW-000001,"Species: fulgens,Genus: Ailurus,Family: Ailuridae,Order: Carnivora,Class: Mammalia,Phylum: Chordata,Kingdom: Animalia,Rusty,male,Asia Trail,horizontal,Red Panda,tree"
Orangutan,NZP-20071011-262JC,"Bonnie,Pongo pygmaeus: Bornea and Pongo abelii: Sumatran,Species: pygmaeus,Genus: Pongo,Family: Hominidae,Order: Primates,Class: Mammalia,Phylum: Chordata,Kingdom: Animalia,Orangutan,Ape,female,horizontal,outside"
Gray Seal,NZP-20130301-113CPM,"Species: grypus,Genus: Halichoerus,Family: Phocidae,Order: Carnivora,Class: Mammalia,Phylum: Chordata,Kingdom: Animalia,American Trail,Gray Seal,Seal,Pinnipede,Kjya"
San Clemente Island Goat,NZP-20180628-626SB,"Species: hircus,Genus: Capra,Family: Bovidae,Order: Artiodactyla,Class: Mammalia,Phylum: Chordata,Kingdom: Animalia,San Clemente Island Goat,Goat,Ungulate,Even-toed ungulate,Kids Farm"
Chinese Crocodile Lizard,NZP-20180131-9046JPJ,"Reptile,Species: crocodilurus,Genus: Shinisaurus,Family: Shinisauridae,Order: Squamata,Class: Reptilia,Phylum: Chordata,Kingdom: Animalia,Chinese Crocodile Lizard,Lizard"
Lesser Kudu,NZP-20171103-004GM,"Cheetah Conservation Station,Species: imberbis,Genus: Tragelaphus,Family: Bovidae,Order: Cetartiodactyla,Class: Mammalia,Phylum: Chordata,Kingdom: Animalia,Lesser Kudu,Even-toed Ungulate,Ungulate,Garrett"
Domestic Chicken,NZP-20170622-050CPM,"Species: unknown,Genus: unknown,Family: Anatidae,Order: Anseriformes,Class: Aves,Phylum: Chordata,Kingdom: Animalia,Domestic Chicken,Chicken,Fowl,Bird,Kids Farm"
Green Anaconda,NZP-20130206-032CPM,"Species: murinus,Genus: Eunectes,Family: Boidae,Order: Squamata,Class: Reptilia,Phylum: Chordata,Kingdom: Animalia,Reptile,snake"
Green Anaconda,NZP-20160216-194CTW,"Species: murinus,Genus: Eunectes,Family: Boidae,Order: Squamata,Class: Reptilia,Phylum: Chordata,Kingdom: Animalia,Green Anaconda,Snake,Reptile"
Greater Rhea,NZP-20080521-298MM-000002,"male,Species: americana,Genus: Rhea,Family: Rheidae,Order: Struthioniformes,Class: Aves,Phylum: Chordata,Kingdom: Animalia,Carlos,Bird,Ratites"
Golden-headed Lion Tamarin,NZP-20180622-5386RP,"Golden-headed Lion Tamarin,SMH,Small Mammal House,Species: chrysomelas,Genus: Leontopithecus,Family: Cebidae,Order: Primates,Class: Mammalia,Phylum: Chordata,Kingdom: Animalia,GHLT,Primate,Monkey"
Yellow-spotted Amazon River Turtle,NZP-20170609-105RP,"Species: unifilis,Genus: Podocnemis,Family: Pelomedusidae,Order: Testudines,Class: Reptilia,Phylum: Chordata,Kingdom: Animalia,Yellow-spotted Amazon River Turtle,Turtle,Reptile,Amazonia"
Andean Bear,NZP-20170714-1009NM-000001,"Species: ornatus,Genus: Tremarctos,Family: Ursidae,Order: Carnivora,Class: Mammalia,Phylum: Chordata,Kingdom: Animalia,Andean Bear,Spectacled Bear,Bear,Bouba,male"
"Athena, Southern Two-toed Sloth",NZP-20200110_005RP,"Smithsonian's National Zoo & Conservation Biology Institute,National Zoo,Smithsonian Institution,NZP,Open Access,Open Access/CCO,CCO,Kingdom: Animalia,Phylum: Chordata,Class: Mammalia,Order: Pilosa,Family: Megalonychidae,Genus and Species: Choloepus didactylus,Sloths,Mammals,Small Mammal House"
Patagonian Mara,NZP-20170809-3080RP,"Species: patagonum,Genus: Dolichotis,Family: Cavidae,Order: Rodentia,Class: Mammalia,Phylum: Chordata,Kingdom: Animalia,Patagonian Hare,Patagonian Mara,Rodent,baby,young,pup"
Smooth-sided Toad,NZP-20050207-38JC,"Species: guttatus,Genus: Bufo,Family: Bufonidae,Order: Anura,Class: Amphibia,Phylum: Chordata,Kingdom: Animalia,Amphibian"
Red River Hog,NZP-20130301-016CPM,"Species: porcus,Genus: Potamochoerus,Family: Suidae,Order: Cetartiodactyla,Class: Mammalia,Phylum: Chordata,Kingdom: Animalia,Red River Hog,Hog,Ungulate,Even-toed ungulate"
Gila Monster,NZP-2558-51JC,"Species: suspectum,Genus: Heloderma,Family: Helodermatidae,Order: Squamata,Class: Reptilia,Phylum: Chordata,Kingdom: Animalia,reptile,lizard"
Fennec Fox,NZP-20150503-5469CN,"Fennec Fox,Species: zerda,Genus: Vulpes,Family: Canidae,Order: Carnivora,Class: Mammalia,Phylum: Chordata,Kingdom: Animalia,Canid,Fox,SMH,Small Mammal House,horizontal"
Goeldi's Monkey,NZP-20170708-7297CN,"Species: goeldii,Genus: Callimico,Family: Cebidae,Order: Primates,Class: Mammalia,Phylum: Chordata,Kingdom: Animalia,Goeldi's Monkey,Goeldiâ s Marmoset,Monkey,Primate,SMH,Small Mammal House"
American Alligator,NZP-20050920-144AB,"Species: mississippiensis,Genus: Alligator,Family: Crocodylidae,Order: Crocodylia,Class: Reptilia,Phylum: Chordata,Kingdom: Animalia,Pond,Reptile House,reptile,crocodilians"
Flagtail Characin,NZP-20060519-27CC-000001,"Species: insignus,Genus: Semaprochilodus,Family: Prochilodontidae,Order: Characiformes,Class: Actinopterygii,Phylum: Chordata,Kingdom: Animalia,horizontal,fish,Amazonia,Flagtail Characin,characin"
Blue-billed Curassow,NZP-20080708-162JC,"male,endangered,Species: alberti,Genus: Crax,Family: Cracidae,Order: Galliformes,Class: Aves,Phylum: Chordata,Kingdom: Animalia,Bird,Fowl-like bird"
Flagtail Characin,NZP-20100928-129MM,"Species: insignus,Genus: Semaprochilodus,Family: Prochilodontidae,Order: Characiformes,Class: Actinopterygii,Phylum: Chordata,Kingdom: Animalia,horizontal,fish,Amazonia,Flagtail Characin,characin"
Common Raven,NZP-20160307-551CTW,"American Trail,Bird,Class: Aves,Common Raven,Family: Corvidae,Genus: Corvus,Kingdom: Animalia,Order: Passeriformes,Perching Bird,Phylum: Chordata,Raven,Species: corax"
Grevy's Zebra,NZP-20100819-166MM,"Species: grevyi,Genus: Equus,Family: Equidae,Order: Perissodactyla,Class: Mammalia,Phylum: Chordata,Kingdom: Animalia,Grevy's Zebra,Zebra,Ungulate,Odd-toed Ungulate,Moyo,Domo,male,tail"
Striped Skunk,NZP-20150426-4507CN,"Clementine,Skunk,Striped Skunk,Species: mephitis,Genus: Mephitis,Family: Mephitidae,Order: Carnivora,Class: Mammalia,Phylum: Chordata,Kingdom: Animalia,SMH,Small Mammal House,female"
Green-crested Basilisk,NZP-215-44JC,"Species: plumifrons,Genus: Basiliscus,Family: Corytophanidae,Order: Squamata,Class: Reptilia,Phylum: Chordata,Kingdom: Animalia,reptile,lizard"
Aldabra Tortoise,NZP-2550-46JC,"Species: gigantea,Genus: Geochelone,Family: Testudinidae,Order: Testudines,Class: Reptilia,Phylum: Chordata,Kingdom: Animalia,7/1/1992,Grass,Reptile,Tortoise"
California Sea Lion,NZP-20090916-092MM-000001,"female,Species: californianus,Genus: Zalophus,Family: Otariidae,Order: Pinnipedia,Class: Mammalia,Phylum: Chordata,Kingdom: Animalia,Calli,California Sea Lion,Sea Lion,Pinniped"
La Plata Three-banded Armadillo,NZP-20060710-37JC-000001,"Species: matacus,Genus: Tolypeutes,Family: Dasypodidae,Order: Cingulata,Class: Mammalia,Phylum: Chordata,Kingdom: Animalia,Armadillo,Three banded armadillo,Edentate,Xenarthara,La Plata Three-banded Armadillo,Southern Three-banded Armadillo,SMH,Small Mammal House,horizontal,grass"
Lesser Kudu,NZP-20150520-368CPM-000001,"Species: imberbis,Genus: Tragelaphus,Family: Bovidae,Order: Cetartiodactyla,Class: Mammalia,Phylum: Chordata,Kingdom: Animalia,Garrett,male,4 years old,Ungulate,Even-toed ungulate,Lesser Kudu,Kudu"
Northern Tree Shrew,NZP-20071128-040MM,"Species: belangeri,Genus: Tupaia,Family: Tupaiidae,Order: Scandentia,Class: Mammalia,Phylum: Chordata,Kingdom: Animalia,horizontal,Shrew,Northern Tree Shrew,Tree Shrew,SMH,Small Mammal House"
Eyelash Palm Pitviper,NZP-20050606-127JC,"tongue,Species: schlegelii,Genus: Bothriechis,Family: Viperidae crotalinae,Order: Squamata,Class: Reptilia,Phylum: Chordata,Kingdom: Animalia,Reptile,Snake"
Golden Lion Tamarin,NZP-20180807-159SB,"Small Mammal House,Golden Lion Tamarin,Izzy,Mo,Species: rosalia rosalia,Genus: Leontopithecus,Family: Cebidae,Order: Primates,Class: Mammalia,Phylum: Chordata,Kingdom: Animalia,GLT,SMH,Primate,Monkey"
Pale-headed Saki,NZP-20180807-109SB,"Small Mammal House,Species: pithecia,Genus: Pithecia,Family: Pitheciidae,Order: Primates,Class: Mammalia,Phylum: Chordata,Kingdom: Animalia,Pale-headed Saki,White-faced Saki,Primate,Monkey,SMH"
Meller's Chameleon,NZP-20170803-001JZ,"Species: melleri,Genus: Trioceros,Family: Chamaeleonidae,Order: Squamata,Class: Reptilia,Phylum: Chordata,Kingdom: Animalia,Meller's Chameleon,Chameleon,Reptile,Lizard,Reptile House"
Guam Kingfisher,NZP-20180606-224RP,"Guam Kingfisher,SCBI,Species: cinnamominus,Genus: Todiramphus,Family: Alcedinidae,Order: Coraciiformes,Class: Aves,Phylum: Chordata,Kingdom: Animalia,Micronesian Kingfisher,Bird,Kingfisher,baby,chick,Front Royal"
Von der Decken's Hornbill,NZP-20151030-4050HG,"Bird,Species: deckeni,Genus: Tockus,Family: Bucerotidae,Order: Coraciiformes,Class: Aves,Phylum: Chordata,Kingdom: Animalia,Hornbill,SMH,Small Mammal House"
Giant Panda,NZP-20180727-5549VK,"Species: melanoleuca,Genus: Ailuropoda,Family: Ursidae,Order: Carnivora,Class: Mammalia,Phylum: Chordata,Kingdom: Animalia,Giant Panda,Bei Bei,Panda,Asia Trail,water,Bear"
Giant Panda,NZP-20110503-015MM,"Species: melanoleuca,Genus: Ailuropoda,Family: Ursidae,Order: Carnivora,Class: Mammalia,Phylum: Chordata,Kingdom: Animalia,Mei Xiang,female,Bear,Giant Panda,yard,outside,bamboo,horizontal"
Green Tree Python,NZP-20071002-039JC,"Species: viridis,Genus: Morelia,Family: Boidae,Order: Squamata,Class: Reptilia,Phylum: Chordata,Kingdom: Animalia,Reptile,Snake,adult,male"
Cheetah,NZP-20140817-6293RG,"Species: jubatus,Genus: Acinonyx,Family: Felidae,Order: Carnivora,Class: Mammalia,Phylum: Chordata,Kingdom: Animalia,Front Royal,SCBI,Cheetah,Cat,cub,young,Mother: Miti"
Emperor Tamarin,NZP-20191024_001RP,"Smithsonian's National Zoo & Conservation Biology Institute,National Zoo,Smithsonian Institution,Animals,NZP,Open Access/CCO,Open Access,CCO,Mammals,Mammalia,Primates,Callitrichidae,Saguinus imperator,Emperor Tamarins,Monkeys"
Persian Onager,NZP-20111003-147MM,"SCBI,Species: hemionus onager,Genus: Equus,Family: Equidae,Order: Perissodactyla,Class: Mammalia,Phylum: Chordata,Kingdom: Animalia,Persian Onager,Onager,Ungulate,Odd-toed Ungulate,Front Royal,foal,baby,young"
American Beaver,NZP-20181031-151SB-000001,"Species: canadensis,Genus: Castor,Family: Castoridae,Order: Rodentia,Class: Mammalia,Phylum: Chordata,Kingdom: Animalia,American Beaver,Beaver,Rodent,AMT,American Trail"
Freshwater Stingray,NZP-20130614-04AW,"Species: motoro,Genus: Potamotrygon,Family: Potamotrygonidae,Order: Rajiformes,Class: Elasmobranchii,Phylum: Chordata,Kingdom: Animalia,Amazonia,Fish,Stingray,Freshwater Stingray,horizontal"
Kori Bustard,NZP-20110426-37MM,"Species: kori,Genus: Ardeotis,Family: Otididae,Order: Gruiformes,Class: Aves,Phylum: Chordata,Kingdom: Animalia,eye pecking,Bird,Rail,Crake"
Kori Bustard,NZP-20110624-108MM,"Species: kori,Genus: Ardeotis,Family: Otididae,Order: Gruiformes,Class: Aves,Phylum: Chordata,Kingdom: Animalia,male,booming,bird,rail,bird house,vertical"
Large Madagascar Hedgehog Tenrec,NZP-20111005-126MM-000001,"Species: setosus,Genus: Setifer,Family: Tenrecidae,Order: Afrosoricida,Class: Mammalia,Phylum: Chordata,Kingdom: Animalia,Pugsley,Large Madagascar Hedgehog Tenrec,Tenrec,Hedgehog,Small Mammal House,SMH,male,horizontal"
Przewalski's Wild Horse,NZP-20180712-6318RP,"SCBI,Mother: Olga,Species: przewalskii,Genus: Equus,Family: Equidae,Order: Perissodactyla,Class: Mammalia,Phylum: Chordata,Kingdom: Animalia,Przewalski's Wild Horse,Horse,Front Royal,foal,young"
Arapaima,NZP-20170609-113RP,"Species: gigas,Genus: Arapaima,Family: Osteoglossidae,Order: Osteoglossiformes,Class: Actinopterygii,Phylum: Chordata,Kingdom: Animalia,Arapaima,Fish,Amazonia"
Smithsonian Institution IDS 404 Page Not Found,NZP-20071211-230MM-000002,"Ziggy,Orion,Cirrus,Species: pacos,Genus: Lama,Family: Camelidae,Order: Artiodactyla,Class: Mammalia,Phylum: Chordata,Kingdom: Animalia,Alpaca,Ungulate,Even-toed ungulate,Kid's Farm,male"
Alpaca,NZP-20071211-117MM,"Ziggy,Orion,Cirrus,Species: pacos,Genus: Lama,Family: Camelidae,Order: Artiodactyla,Class: Mammalia,Phylum: Chordata,Kingdom: Animalia,Alpaca,Ungulate,Even-toed ungulate,Kid's Farm,male"
Central American Coati,NZP-20061113-032AB,"Species: narica,Genus: Nasua,Family: Procyonidae,Order: Carnivora,Class: Mammalia,Phylum: Chordata,Kingdom: Animalia,Central American Coati,White-nosed Coati,Coati,Procyonid"
Brown Pelican,NZP-20070831-071MM,"Species: occidentalis,Genus: Pelecanus,Family: Pelecanidae,Order: Pelecaniformes,Class: Aves,Phylum: Chordata,Kingdom: Animalia,Bird,Pelican"
Linne's Two-toed Sloth,NZP-20111006-005MM-000001,"Species: didactylus,Genus: Choloepus,Family: Megalonychidae,Order: Pilosa,Class: Mammalia,Phylum: Chordata,Kingdom: Animalia,horizontal,Sloth,Edentate,two-toed sloth,Linne's Two-toed Sloth,Xenarthra,SMH,Small Mammal House"
Eastern Box Turtle,NZP-6040-63JC,"Species: carolina,Genus: Terrapene,Family: Emydidae,Order: Chelonia cryptodira,Class: Reptilia,Phylum: Chordata,Kingdom: Animalia,Reptile,Turtle"
Ruppell's Griffon Vulture,NZP-20160730-012GM,"Species: rueppellii,Genus: Gyps,Family: Accipitridae,Order: Falconiformes,Class: Aves,Phylum: Chordata,Kingdom: Animalia,Ruppell's Griffon Vulture,Vulture,Bird,Bird of Prey,Tuck,male"
Black-tailed Prairie Dog,NZP-20170714-1018NM,"Species: ludovicianus,Genus: Cynomys,Family: Sciuridae,Order: Rodentia,Class: Mammalia,Phylum: Chordata,Kingdom: Animalia,Black-tailed Prairie Dog,Prairie Dog,Rodent,baby,young"
Giant Anteater,NZP-20080922-028MM,"Dante, male,Species: tridactyla,Genus: Myrmecophaga,Family: Myrmecophagidae,Order: Pilosa,Class: Mammalia,Phylum: Chordata,Kingdom: Animalia,Anteater,Giant Anteater,Edentate"
Loggerhead Shrike,NZP-20170613-001CC,"SCBI,Front Royal,Species: ludovicianus,Genus: Lanius,Family: Laniidae,Order: Passeriformes,Class: Aves,Phylum: Chordata,Kingdom:Animalia,Loggerhead Shrike,Bird,Perching Bird"
Abyssinian Guinea Pig Inti,NZP-20191215_004CC,"Smithsonian's National Zoo & Conservation Biology Institute,National Zoo,Smithsonian Institution,NZP,Open Access,Open Access/CCO,CCO,Kingdom: Animalia,Phylum: Chordata,Class: Mammalia,Order: Rodentia,Family: Caviidae,Genus and Species: Cavia porcellus,Rodents,Guinea Pigs,Mammals,Amazonia Exhibit"
Silver Arowana,NZP-20150121-8655AW-000001,"Amazonia,Fish,Species: bicirrhosum,Genus: Osteoglossum,Family: Osteoglossidae,Order: Osteoglossiformes,Class: Actinopterygii,Phylum: Chordata,Kingdom: Animalia,horizontal,Silver Arowana"
Komodo Dragon,NZP-20110518-144MM,"Species: komodoensis,Genus: Varanus,Family: Varanidae,Order: Squamata,Class: Reptilia,Phylum: Chordata,Kingdom: Animalia,Murphy,reptile,lizard,tongue,Reptile house,vertical"
Twig Catfish,NZP-20091106-144MM,"Species: [unknown],Genus: [unknown],Family: Loricariidae,Order: Siluriformes,Class: Actinopterygii,Phylum: Chordata,Kingdom: Animalia,Fish,catfish,Twig Catfish,Amazonia,eggs,vertical"
Spider Tortoise,NZP-20110405-143MM,"Species: arachnoides,Genus: Pyxis,Family: Testudinidae,Order: Testudines,Class: Reptilia,Phylum: Chordata,King:Animalia,Reptile,Tortoise"
Grevy's Zebra,NZP-20100819-301MM,"Species: grevyi,Genus: Equus,Family: Equidae,Order: Perissodactyla,Class: Mammalia,Phylum: Chordata,Kingdom: Animalia,Grevy's Zebra,Zebra,Ungulate,Odd-toed Ungulate,Moyo,Domo,male"
Caracal,NZP-20040129-416JC,"snow,Species: caracal,Genus: Caracal,Family: Felidae,Order: Carnivora,Class: Mammalia,Phylum: Chordata,Kingdom: Animalia,Caracal,Cat,winter,female,Martina"
Fishing Cat,NZP-20060918-077JC,"Electra,Female,Species: viverrinus,Genus: Prionailurus,Family: Felidae,Order: Carnivora,Class: Mammalia,Phylum: Chordata,Kingdom: Animalia,Cat,Fishing Cat,female,Asia Trail,vertical"
Burrowing Owl,NZP-20160219-069CTW,"Species: cunicularia,Genus: Athene,Family: Strigidae,Order: Strigiformes,Class: Aves,Phylum: Chordata,Kingdom: Animalia,Burrowing Owl,Owl,Bird,SMH,Small Mammal House"
NZP-20160729-003SB,NZP-20160729-003SB,"Species: xanthellus,Genus: Baryancistrus,Family: Loricariidae,Order: Siluriformes,Class: Actinopterygii,Phylum: Chordata,Kingdom: Animalia,Fish,Catfish,Amazonia,Gold Nugget Plecostomus"
Copperhead,NZP-20110809-146MM,"Species: contortrix,Genus: Agkistrodon,Family: Viperidae,Order: Squamata,Class: Reptilia,Phylum: Chordata,Kingdom: Animalia,reptile,snake,horizontal,Reptile house"
Fly River Turtle,NZP-20160216-126CTW,"Species: insculpta,Genus: Carettochelys,Family: Carettockelyidae,Order: Testudines,Class: Reptilia,Phylum: Chordata,Kingdom: Animalia,Fly River Turtle,Turtle,Reptile"
Giant Leaf-tailed Gecko,NZP-20100922-236MM,"Species: fimbriatus,Genus: Uroplatus,Family: Gekkonidae,Order: Squamata,Class: Reptilia,Phylum: Chordata,Kingdom: Animalia,head,reptile,lizard"
Giant Panda,NZP-20180608-046SB,"Mei Xiang,Species: melanoleuca,Genus: Ailuropoda,Family: Ursidae,Order: Carnivora,Class: Mammalia,Phylum: Chordata,Kingdom: Animalia,Bear,Asia Trail,Giant Panda"
Clouded Leopard,NZP-20100407-24MM,"cubs,SCBI,Species: nebulosa,Genus: Neofelis,Family: Felidae,Order: Carnivora,Class: Mammalia,Phylum: Chordata,Kingdom: Animalia,Cat,Clouded Leopard,Front Royal,horizontal,cub,baby,young,hand rearing,feeding,feed pan,kitten"
Freshwater Stingray,NZP-20060824-130JC,"Potamotrygon motoro,Female,Species: motoro,Genus: Potamotrygon,Family: Potamotrygonidae,Order: Rajiformes,Class: Elasmobranchii,Phylum: Chordata,Kingdom: Animalia,Amazonia,Fish,Stingray,horizontal,Freshwater Stingray"
Giant Panda,NZP-1501-1JC,"Ling-Ling,yard,outside,Giant Panda,Bear,Species: melanoleuca,Genus: Ailuropoda,Family: Ursidae,Order: Carnivora,Class: Mammalia,Phylum: Chordata,Kingdom: Animalia,panda furniture"
Bettong,NZP-20130427-003CN,"Bettong,Small Mammal House,SMH,Species: penicillata,Genus: Bettongia,Family: Potoroidae,Order: Diprotodontia,Class: Mammalia,Phylum: Chordata,Kingdom: Animalia,Marsupial,Brush-tailed Bettong"
African Lion,NZP-20141024-032CPM,"Species: leo,Genus: Panthera,Family: Felidae,Order: Carnivora,Class: Mammalia,Phylum: Chordata,Kingdom: Animalia,cubs,Luke,Cat,Lion,African Lion,cub,baby,young,male,adult"
African Lion,NZP-20110107-277MM,"Species: leo,Genus: Panthera,Family: Felidae,Order: Carnivora,Class: Mammalia,Phylum: Chordata,Kingdom: Animalia,cubs,Cat,Lion,African Lion,cub,baby,young,horizontal,John,male,621,ID Right Shoulder"
Eld's Deer,NZP-20131103-751DR,"Species: eldii,Genus: Rucervus,Family: Cervidae,Order: Artiodactyla,Class: Mammalia,Phylum: Chordata,Kingdom: Animalia,Julius,SCBI,Front Royal,Eld's Deer,Burmese Brow-antlered Deer,Deer,Ungulate,Even-toed ungulate,male"
Black Howler Monkey,NZP-20110616-016MM-000001,"Species: caraya,Genus: Alouatta,Family: Atelidae,Order: Primates,Class: Mammalia,Phylum: Chordata,Kingdom: Animalia,Black Howler Monkey,Howler Monkey,Monkey,Primate,New World Monkey,SMH,Small Mammal House,male,vertical"
Cheetah,NZP-20140817-6940RG,"Species: jubatus,Genus: Acinonyx,Family: Felidae,Order: Carnivora,Class: Mammalia,Phylum: Chordata,Kingdom: Animalia,Front Royal,SCBI,young,Cheetah,Cat,Segosi,Mother: Ally"
Rhinoceros Snake,NZP-20101116-027MM,"Species: boulengeri,Genus: Rhyncophis,Family: Colubridae,Order: Squamata,Class: Reptilia,Phylum: Chordata,Kingdom: Animalia,Reptile,Snake,tongue"
Radiated Tortoise,NZP-20100615-200MM,"Species: radiata,Genus: Geochelone,Family: Testudinidae,Order: Chelonia,Class: Reptilia,Phylum: Chordata,Kingdom: Animalia,Reptile,Tortoise"
Ring-tailed Lemur,NZP-20180920-5694SB,"Species: catta,Genus: Lemur,Family: Lemuridae,Order: Primates,Class: Mammalia,Phylum: Chordata,Kingdom: Animalia,Ring-tailed Lemur,Lemur,Primate"
Red-fronted lemur,NZP-20050731-393AB-000001,"Species: rufus,Genus: Eulemur,Family: Lemuridae,Order: Primates,Class: Mammalia,Phylum: Chordata,Kingdom: Animalia,Red Ruffed Lemur,Lemur,Primate,lemur island"
Orangutan,NZP-20060410-064JC-000001,"O Line,Kiko,Pongo pygmaeus: Bornea and Pongo abelii: Sumatran,Species: pygmaeus,Genus: Pongo,Family: Hominidae,Order: Primates,Class: Mammalia,Phylum: Chordata,Kingdom: Animalia,Orangutan,Ape,male,outside,horizontal"
Ruppell's Griffon Vulture,NZP-20141001-084GM,"Species: rueppellii,Genus: Gyps,Family: Accipitridae,Order: Falconiformes,Class: Aves,Phylum: Chordata,Kingdom: Animalia,Ruppell's Griffon Vulture,Vulture,Bird of Prey,Bird"
Asian Small-clawed Otter,NZP-20070723-086MM-000001,"Asia Trail,Species: cinerea,Genus: Aonyx,Family: Mustelidae,Order: Carnivora,Class: Mammalia,Phylum: Chordata,Kingdom: Animalia,Otter,Mustelid,Asian Small-clawed otter,horizontal"
Common Opossum,NZP-20180107-8633CN,"Species: marsupialis,Genus: Didelphis,Family: Didelphidae,Order: Didelphimorphia,Class: Mammalia,Phylum: Chordata,Kingdom: Animalia,Common Opossum,Opossum,Marsupial,Minnie,SMH,Small Mammal House"
Brazillian Agouti,NZP-20150228-0425CN,"Agouti,Macadamia,Small Mammal House,SMH,Species: leporina,Genus: Dasyprocta,Family: Dasyproctidae,Order: Rodentia,Class: Mammalia,Phylum: Chordata,Kingdom: Animalia,Rodent,Red-rumped Agouti,Brazillian Agouti,female"
Asian Water Dragon,NZP-20181031-058SB,"Species: cocincinus,Genus: Physignathus,Family: Agamidae,Order: Squamata,Class: Reptilia,Phylum: Chordata,Kingdom: Animalia,Asian Water Dragon,Lizard,Reptile"
Green and Black Poison Frog,NZP-20130618-4870AW,"Species: azureus,Genus: Dendrobates,Family: Dendrobatidae,Order: Anura,Class: Amphibia,Phylum: Chordata,Kingdom: Animalia,Amazonia,Amphibian,Frog"
Indian Peafowl,NZP-20130417-044CPM,"Bird,Species: cristatus,Genus: Pavo,Family: Phasianidae,Order: Galliformes,Class: Aves,Phylum: Chordata,Kingdom: Animalia,Peacock,male"
Roseate Spoonbill,NZP-20160226-359CTW,"Species: ajaja,Genus: Ajaia,Family: Threskiornithidae,Order: Ciconiiformes,Class: Aves,Phylum: Chordata,Kingdom: Animalia,Amazonia,Roseate Spoonbill,Spoonbill,Bird"
Scimitar-horned Oryx,NZP-20160802-0031DR,"Species: dammah,Genus: Oryx,Family: Bovidae,Order: Artiodactyla,Class: Mammalia,Phylum: Chordata,Kingdom: Animalia,Scimitar-horned Oryx,Oryx,Ungulate,Even-toed Ungulate,SCBI,Front Royal,female,Ruby,Even-toed ungulate"
Sand Cat,NZP-20140914-9105CN-000001,"Thor,Species: margarita,Genus: Felis,Family: Felidae,Order: Carnivora,Class: Mammalia,Phylum: Chordata,Kingdom: Animalia,SMH,Small Mammal House,Cat,Sand Cat,male,horizontal"
Cheetah,NZP-20140817-6602RG-000003,"Species: jubatus,Genus: Acinonyx,Family: Felidae,Order: Carnivora,Class: Mammalia,Phylum: Chordata,Kingdom: Animalia,Front Royal,SCBI,Cheetah,Cat,cub,young,Mother: Amani,Bakari"
Smithsonian Institution IDS 503 Service Temporarily Unavailable,NZP-20130417-082CPM,"Bird,Species: cristatus,Genus: Pavo,Family: Phasianidae,Order: Galliformes,Class: Aves,Phylum: Chordata,Kingdom: Animalia,Peacock,male"
Brown Pelican,NZP-20070831-073MM,"Species: occidentalis,Genus: Pelecanus,Family: Pelecanidae,Order: Pelecaniformes,Class: Aves,Phylum: Chordata,Kingdom: Animalia,Bird,Pelican"
Sumatran Tiger,NZP-20091222-416MM,"Snow,Species: tigris sumatrae,Genus: Panthera,Family: Felidae,Order: Carnivora,Class: Mammalia,Phylum: Chordata,Kingdom: Animalia,Cat,Tiger,Sumatran Tiger,male,Guntur,winter,horizontal"
Allen's Swamp Monkey,NZP-20160323-007AB,"Allen's Swamp Monkey,baby,First day outside,girl,Layla,Species: nigroviridis,Genus: Allenopithecus,Family: Cercopithecidae,Order: Primates,Class: Mammalia,Phylum: Chordata,Kingdom: Animalia,Primate,mother,young,Think Tank"
Von der Decken's Hornbill,NZP-20160214-517CN,"Hornbill,Von der Decken's Hornbill,SMH,Small Mammal House,Species: deckeni,Genus: Tockus,Family: Bucerotidae,Order: Coraciiformes,Class: Aves,Phylum: Chordata,Kingdom: Animalia,Bird"
Bald Eagle,NZP-20131121-8630SS,"Species: leucocephalus,Genus: Haliaeetus,Family: Accipitridae,Order: Falconiformes,Class: Aves,Phylum: Chordata,Kingdom: Animalia,American Trail,Bird,Bird of Prey,Bald Eagle"
Giant Panda,NZP-20070705-443MM,"Tai Shan,Bamboo,Species: melanoleuca,Genus: Ailuropoda,Family: Ursidae,Order: Carnivora,Class: Mammalia,Phylum: Chordata,Kingdom: Animalia,male,Giant Panda,Bear,yard,outside,horizontal,bamboo,eating"
Banded Mongoose,NZP-20060208-060JC,"Species: mungo,Genus: Mungos,Family: Herpestidae,Order: Carnivora,Class: Mammalia,Phylum: Chordata,Kingdom: Animalia,Banded Mongoose,Mongoose,Viverrid,SMH,Small Mammal House"
Giant Leaf-tailed Gecko,NZP-20100922-293MM,"Species: fimbriatus,Genus: Uroplatus,Family: Gekkonidae,Order: Squamata,Class: Reptilia,Phylum: Chordata,Kingdom: Animalia,reptile,lizard"
Prevost's Squirrel,NZP-20091218-101MM,"Holiday,Species: prevostii,Genus: Callosciurus,Family: Sciuridae,Order: Rodentia,Class: Mammalia,Phylum: Chordata,Kingdom: Animalia,Prevost's Squirrel,SMH,Small Mammal House,Squirrel,Rodent,enrichment"
Vietnamese Mossy Frog,NZP-20081119-075MM,"eye,Species: corticale,Genus: Theloderma,Family: Rhacophoridae,Order: Anura,Class: Amphibia,Phylum: Chordata,Kingdom: Animalia,Amphibian"
Black-crowned Night Heron,NZP-6000-36JC-000001,"Species: nycticorax,Genus: Nycticorax,Family: Ardeidae,Order: Ciconiiformes,Class: Aves,Phylum: Chordata,Kingdom: Animalia,wild,non collection animal,heron,Bird"
Panamanian Golden Frog,NZP-20090114-099MM,"Species: zeteki,Genus: Atelopus,Family: Bufonidae,Order: Anura,Class: Amphibia,Phylum: Chordata,Kingdom: Animalia,Amphibian"
Vietnamese Mossy Frog,NZP-20060711-198JC,"Species: corticale,Genus: Theloderma,Family: Rhacophoridae,Order: Anura,Class: Amphibia,Phylum: Chordata,Kingdom: Animalia,Amphibian"
Maned Wolf,NZP-20160804-025GM-000001,"Species: brachyurus,Genus: Chrysocyon,Family: Canidae,Order: Carnivora,Class: Mammalia,Phylum: Chordata,Kingdom: Animalia,Maned Wolf,Wolf,Canine,Mateo,male"
Screaming Hairy Armadillo,NZP-20141121-011CPM,"Species: vellerosus,Genus: Chaetophractus,Family: Dasypodidae,Order: Cingulata,Class: Mammalia,Phylum: Chordata,Kingdom: Animalia,SMH,Small Mammal House,Armadillo,Edentate,Xenarthara,Screaming hairy armadillo,horizontal"
Spiny-headed Tree Frog,NZP-20110405-108MM,"Species: spinosa,Genus: Anotheca,Family: Hylidae,Order: Anura,Class: Amphibia,Phylum: Chordata,King:Animalia,Amphibian"
"Athena, Southern Two-toed Sloth",NZP-20200110_010RP,"Smithsonian's National Zoo & Conservation Biology Institute,National Zoo,Smithsonian Institution,NZP,Open Access,Open Access/CCO,CCO,Kingdom: Animalia,Phylum: Chordata,Class: Mammalia,Order: Pilosa,Family: Megalonychidae,Genus and Species: Choloepus didactylus,Sloths,Mammals,Small Mammal House"
Scimitar-horned Oryx,NZP-20181214-001CPM,"Even-toed ungulate,Species: dammah,Genus: Oryx,Family: Bovidae,Order: Artiodactyla,Class: Mammalia,Phylum: Chordata,Kingdom: Animalia,Scimitar-horned Oryx,Oryx"
Panamanian Golden Frog,NZP-20090114-233MM-000002,"Species: zeteki,Genus: Atelopus,Family: Bufonidae,Order: Anura,Class: Amphibia,Phylum: Chordata,Kingdom: Animalia,Amphibian"
Giant Panda,NZP-20180608-150SB,"Mei Xiang,Species: melanoleuca,Genus: Ailuropoda,Family: Ursidae,Order: Carnivora,Class: Mammalia,Phylum: Chordata,Kingdom: Animalia,Bear,Asia Trail,Giant Panda"
Striped Skunk,NZP-20150517-8674CN,"Clementine,Skunk,Striped Skunk,Species: mephitis,Genus: Mephitis,Family: Mephitidae,Order: Carnivora,Class: Mammalia,Phylum: Chordata,Kingdom: Animalia,SMH,Small Mammal House,female"
Sumatran Tiger,NZP-20110523-039MM,"Species: tigris sumatrae,Genus: Panthera,Family: Felidae,Order: Carnivora,Class: Mammalia,Phylum: Chordata,Kingdom: Animalia,Damai,female,horizontal,Cat,Tiger,Sumatran Tiger"
Miniature Mediterranean Donkey,NZP-20040604-151JC,"Species: asinus,Genus: Equus,Family: Equidae,Order: Perissodactyla,Class: Mammalia,Phylum: Chordata,Kingdom: Animalia,Miniature Mediterranean Donkey,Donkey,Ungulate,Odd-toed Ungulate,Kids Farm"
Spider Tortoise,NZP-20130313-026CPM,"Species: arachnoides,Genus: Pyxis,Family: Testudinidae,Order: Testudines,Class: Reptilia,Phylum: Chordata,King:Animalia,Reptile,Tortoise"
Miniature Mediterranean Donkey,NZP-20050528-363AB,"Species: asinus,Genus: Equus,Family: Equidae,Order: Perissodactyla,Class: Mammalia,Phylum: Chordata,Kingdom: Animalia,Miniature Mediterranean Donkey,Donkey,Ungulate,Odd-toed Ungulate,Kids Farm"
Kori Bustard,NZP-20110426-36MM,"Species: kori,Genus: Ardeotis,Family: Otididae,Order: Gruiformes,Class: Aves,Phylum: Chordata,Kingdom: Animalia,eye pecking,Bird,Rail,Crake"
Gaboon Viper,NZP-2550-10JC,"Species: gabonica,Genus: Bitis,Family: Viperidae,Order: Squamata,Class: Reptilia,Phylum: Chordata,Kingdom: Animalia,Reptile,Snake,Date unknown"
Perdido Key Beach Mouse,NZP-20180901-3871CN,"Perdido Key Beach Mouse,Species: polionotus trissyllepsis,Genus: Peromyscus,Family: Cricetidae,Order: Rodentia,Class: Mammalia,Phylum: Chordata,Kingdom: Animalia,Mouse,Rodent,SMH,Small Mammal House"
Northern Tree Shrew,NZP-20160223-033CTW,"Species: belangeri,Genus: Tupaia,Family: Tupaiidae,Order: Scandentia,Class: Mammalia,Phylum: Chordata,Kingdom: Animalia,SMH,Small Mammal House,Northern Tree Shrew,Shrew"
Andean Bear,NZP-20170714-1008NM-000001,"Species: ornatus,Genus: Tremarctos,Family: Ursidae,Order: Carnivora,Class: Mammalia,Phylum: Chordata,Kingdom: Animalia,Andean Bear,Spectacled Bear,Bear,Bouba,male"
Red Panda,NZP-20070122-443MM,"Red Panda,Species: fulgens,Genus: Ailurus,Family: Ailuridae,Order: Carnivora,Class: Mammalia,Phylum: Chordata,Kingdom: Animalia,horizontal,Asia Trail,Snow,winter"
Oriental Fire-bellied Toad,NZP-20160216-165CTW,"Species: orientalis,Genus: Bombina,Family: Discoglossidae,Order: Anura,Class: Amphibia,Phylum: Chordata,Kingdom: Animalia,Oriental Fire-bellied Toad,Toad,Amphibian"
Screaming Hairy Armadillo,NZP-20150208-9521CN,"Armadillo,Screaming Hairy Armadillo,Walter,Species: vellerosus,Genus: Chaetophractus,Family: Dasypodidae,Order: Cingulata,Class: Mammalia,Phylum: Chordata,Kingdom: Animalia,Small Mammal House,SMH,Edentate,Xenarthara,Screaming hairy armadillo,horizontal,male"
American Alligator,NZP-20050712-272JC,"Species: mississippiensis,Genus: Alligator,Family: Crocodylidae,Order: Crocodylia,Class: Reptilia,Phylum: Chordata,Kingdom: Animalia,Pond,Reptile House,water,reptile,crocodilians"
Australian Snake-necked Turtle,NZP-20160216-145CTW,"Species: longicollis,Genus: Chelodina,Family: Chelidae,Order: Testudines,Class: Reptilia,Phylum: Chordata,Kingdom: Animalia,Australian Snake-necked Turtle,Turtle,Reptile"
Harbor Seal,NZP-SBS8866,"Species: vitulina,Genus: Phoca,Family: Phocidae,Order: Carnivora,Class: Mammalia,Phylum: Chordata,Kingdom: Animalia,American Trail,Harbor Seal,Seal,Pinnipede,Luke,Squeegee"
Northern Red Salamander,NZP-20150909-0142MM,"Species: ruber ruber,Genus: Pseudotriton,Family: Plethodontidae,Order: Caudata,Class: Amphibia,Phylum: Chordata,Kingdom: Animalia,Salamander,Amphibian,Northern Red Salamander"
Black-and-white Ruffed Lemur,NZP-20181114-3952SB,"Species: variegata,Genus: Varecia,Family: Lemuridae,Order: Primates,Class: Mammalia,Phylum: Chordata,Kingdom: Animalia,Black-and-white Ruffed Lemur,Lemur,Primate"
Vietnamese Mossy Frog,NZP-20081119-074MM,"eye,Species: corticale,Genus: Theloderma,Family: Rhacophoridae,Order: Anura,Class: Amphibia,Phylum: Chordata,Kingdom: Animalia,Amphibian"
Prehensile-tailed Porcupine,NZP-20091202-13MM,"young,Baby,Species: prehensilis,Genus: Coendou,Family: Erethizontidae,Order: Rodentia,Class: Mammalia,Phylum: Chordata,Kingdom: Animalia,Rodent,Prehensile-tailed Porcupine,Porcupine,SMH,Small Mammal House,Brazilian Porcupine,Coendu,horizontal"
Gila Monster,NZP-20050609-372JC,"Species: suspectum,Genus: Heloderma,Family: Helodermatidae,Order: Squamata,Class: Reptilia,Phylum: Chordata,Kingdom: Animalia,reptile,lizard"
Giant Leaf-tailed Gecko,NZP-20180131-9101JPJ,"Reptile,Species: fimbriatus,Genus: Uroplatus,Family: Gekkonidae,Order: Squamata,Class: Reptilia,Phylum: Chordata,Kingdom: Animalia,Giant Leaf-tailed Gecko,Gecko"
Dwarf Mongoose,NZP-20180622-5472RP,"Dwarf Mongoose,SMH,Small Mammal House,Species: parvula,Genus: Helogale,Family: Herpestidae,Order: Carnivora,Class: Mammalia,Phylum: Chordata,Kingdom: Animalia"
Meller's Chameleon,NZP-20170803-007JZ,"Species: melleri,Genus: Trioceros,Family: Chamaeleonidae,Order: Squamata,Class: Reptilia,Phylum: Chordata,Kingdom: Animalia,Meller's Chameleon,Chameleon,Reptile,Lizard,Reptile House"
Spider Tortoise,NZP-20110405-135MM,"Species: arachnoides,Genus: Pyxis,Family: Testudinidae,Order: Testudines,Class: Reptilia,Phylum: Chordata,King:Animalia,Reptile,Tortoise"
Hereford Cow,NZP-20180628-553SB-000001,"Species: taurus taurus hereford,Genus: Bos,Family: Bovidae,Order: Artiodactyla,Class: Mammalia,Phylum: Chordata,Kingdom: Animalia,Hereford Cow,Kids Farm,Ungulate,Even-toed ungulate,Cow"
Chinese Crocodile Lizard,NZP-20180131-9025JPJ,"Kingdom: Animalia,Phylum: Chordata,Class: Reptilia,Order: Squamata,Family: Shinisauridae,Genus: Shinisaurus,Species: crocodilurus,Chinese Crocodile Lizard,Lizard,Reptile"
Sloth Bear,NZP-20080410-290MM,"Khali,female,Species: ursinus,Genus: Melursus,Family: Ursidae,Order: Carnivora,Class: Mammalia,Phylum: Chordata,Kingdom: Animalia,Bear,Sloth Bear,Asia Trail,vertical"
Fly River Turtle,NZP-20170609-106RP,"Species: insculpta,Genus: Carettochelys,Family: Carettockelyidae,Order: Testudines,Class: Reptilia,Phylum: Chordata,Kingdom: Animalia,Fly River Turtle,Turtle,Reptile,Amazonia"
Rock Cavy,NZP-20050114-007JC-000001,"Species: rupestris,Genus: Kerodon,Family: Caviidae,Order: Rodentia,Class: Mammalia,Phylum: Chordata,Kingdom: Animalia,horizontal,Rock Cavy,Rodent,SMH,Small Mammal House"
Asian Elephant,NZP-20180628-509SB,"Elephant Trails,Asian elephant,Spike,Species: maximus,Genus: Elephas,Family: Elephantidae,Order: Proboscidea,Class: Mammalia,Phylum: Chordata,Kingdom: Animalia"
Banded Mongoose,NZP-20070411-253MM,"Species: mungo,Genus: Mungos,Family: Herpestidae,Order: Carnivora,Class: Mammalia,Phylum: Chordata,Kingdom: Animalia,Banded Mongoose,Mongoose,Viverrid,SMH,Small Mammal House"
Lowland Gorilla,NZP-20090616-393MM,"Baraka,Species: gorilla,Genus: Gorilla,Family: Hominidae,Order: Primates,Class: Mammalia,Phylum: Chordata,Kingdom: Animalia,Lowland Gorilla,male,Gorilla,Western Gorilla,Silverback,Primate,horizontal,Ape"
Slender-tailed Meerkat,NZP-20180622-5488RP,"SMH,Small Mammal House,Species: suricatta,Genus: Suricata,Family: Herpestidae,Order: Carnivora,Class: Mammalia,Phylum: Chordata,Kingdom: Animalia,Slender-tailed Meerkat,Meerkat"
Gray Wolf,NZP-20121218-8303BS,"Species: lupus,Genus: Canis,Family: Canidae,Order: Carnivora,Class: Mammalia,Phylum: Chordata,Kingdom: Animalia,Gray Wolf,Wolf,Canine,AMT,American Trail,Coby"
Sitatunga,NZP-20121227-11GM,"Species: spekii,Genus: Tragelaphus,Family: Bovidae,Order: Cetartiodactyla,Class: Mammalia,Phylum: Chordata,Kingdom: Animalia,Silas,Sitatunga,Ungulate,Even-toed ungulate"
North American River Otter,NZP-20040326-206JC,"male,Species: canadensis,Genus: Lontra,Family: Mustelidae,Order: Carnivora,Class: Mammalia,Phylum: Chordata,Kingdom: Animalia,North American River Otter,Otter,Mustelid,Beaver Valley,American Trail"
Green Tree Python,NZP-20081126-209MM,"young,color change,tongue,Species: viridis,Genus: Morelia,Family: Boidae,Order: Squamata,Class: Reptilia,Phylum: Chordata,Kingdom: Animalia,Reptile,Snake,juvenile,red eyes"
Prehensile-tailed Porcupine,NZP-20091202-06MM-000001,"young,Baby,Species: prehensilis,Genus: Coendou,Family: Erethizontidae,Order: Rodentia,Class: Mammalia,Phylum: Chordata,Kingdom: Animalia,Rodent,Prehensile-tailed Porcupine,Porcupine,SMH,Small Mammal House,Brazilian Porcupine,Coendu,horizontal"
Alpaca,NZP-20090127-1095MM,"Orion,Ziggy,snow,Species: pacos,Genus: Lama,Family: Camelidae,Order: Artiodactyla,Class: Mammalia,Phylum: Chordata,Kingdom: Animalia,Alpaca,Ungulate,Even-toed ungulate,Kid's Farm,male"
Naked Mole-rat,NZP-20180823-6046RP-000001,"Species: glaber,Genus: Heterocephalus,Family: Bathyergidae,Order: Rodentia,Class: Mammalia,Phylum: Chordata,Kingdom: Animalia,Naked Mole-rat,Rodent,Mole-rat,exhibit,food,SMH,Small Mammal House"
Harbor Seal,NZP-20160307-454CTW-000001,"American Trail,Class: Mammalia,Family: Phocidae,Genus: Phoca,Harbor Seal,Kingdom: Animalia,Order: Carnivora,Phylum: Chordata,Seal,Species: vitulina,Pinnipede,Luke"
Damaraland Mole-rat,NZP-20020227-4699JC,"Species: damarensis,Genus: Cryptomys,Family: Bathyergidae,Order: Rodentia,Class: Mammalia,Phylum: Chordata,Kingdom: Animalia,Mole-rat,Damaraland Mole-rat,Rodent,SMH,Small Mammal House,horizontal"
Burrowing Owl,NZP-20100319-05MM,"Species: cunicularia,Genus: Athene,Family: Strigidae,Order: Strigiformes,Class: Aves,Phylum: Chordata,Kingdom: Animalia,adult,Bird,Owl"
Red Siskin,NZP-20161120-9563CC,"Species: cucullata,Genus: Sporagra,Family: Fringillidae,Order: Passeriformes,Class: Aves,Phylum: Chordata,Kingdom: Animalia,male,Red Siskin,Bird,SCBI,Front Royal"
Roseate Spoonbill,NZP-20160908-138SB,"Species: ajaja,Genus: Ajaia,Family: Threskiornithidae,Order: Ciconiiformes,Class: Aves,Phylum: Chordata,Kingdom: Animalia,Roseate Spoonbill,spoonbill,bird,Amazonia"
Eyelash Palm Pitviper,NZP-20110809-104MM,"Species: schlegelii,Genus: Bothriechis,Family: Viperidae crotalinae,Order: Squamata,Class: Reptilia,Phylum: Chordata,Kingdom: Animalia,reptile,snake,Reptile house"
African Lion,NZP-20080117-339MM,"snow,bone,Species: leo,Genus: Panthera,Family: Felidae,Order: Carnivora,Class: Mammalia,Phylum: Chordata,Kingdom: Animalia,African Lion,Lion,Cat,male,horizontal,winter,Luke"
King Vulture,NZP-20060607-149JC,"male,Species: papa,Genus: Sarcoramphus,Family: Cathartidae,Order: Falconiformes,Class: Aves,Phylum: Chordata,Kingdom: Animalia,Bird,Bird of Prey"
Whooping Crane,NZP-20160307-513CTW,"Bird,Class: Aves,Crane,Family: Gruidae,Genus: Grus,Kingdom:Animalia,Order: Gruiformes,Phylum: Chordata,Species: americana,Whooping Crane"
Siamang,NZP-20181114-8809SB,"Species: syndactylus,Genus: Symphalangus,Family: Hylobatidae,Order: Primates,Class: Mammalia,Phylum: Chordata,Kingdom: Animalia,Siamang,Monkey,Primate,enrichment,Thanksgiving,Gourd"
La Plata Three-banded Armadillo,NZP-20111005-034MM-000001,"Species: matacus,Genus: Tolypeutes,Family: Dasypodidae,Order: Cingulata,Class: Mammalia,Phylum: Chordata,Kingdom: Animalia,Armadillo,Three banded armadillo,Edentate,Xenarthara,La Plata Three-banded Armadillo,Southern Three-banded Armadillo,SMH,Small Mammal House,horizontal"
Short-eared Elephant Shrew,NZP-20141122-4779CN,"SMH,Small Mammal House,Species: proboscideus,Genus: Macroscelides,Family: Macroscelididae,Order: Macroscelidea,Class: Mammalia,Phylum: Chordata,horizontal,mammal,shrew,Shrew,Short-eared Elephant Shrew,Elephant Shrew,Kingdom: Animalia"
La Plata Three-banded Armadillo,NZP-20060710-73JC,"Species: matacus,Genus: Tolypeutes,Family: Dasypodidae,Order: Cingulata,Class: Mammalia,Phylum: Chordata,Kingdom: Animalia,Armadillo,Three banded armadillo,Edentate,Xenarthara,La Plata Three-banded Armadillo,Southern Three-banded Armadillo,SMH,Small Mammal House,horizontal,grass"
Alpaca,NZP-20071211-230MM-000001,"Ziggy,Orion,Cirrus,Species: pacos,Genus: Lama,Family: Camelidae,Order: Artiodactyla,Class: Mammalia,Phylum: Chordata,Kingdom: Animalia,Alpaca,Ungulate,Even-toed ungulate,Kid's Farm,male"
Sloth Bear,NZP-20060531-175JC,"Hana,Female,Species: ursinus,Genus: Melursus,Family: Ursidae,Order: Carnivora,Class: Mammalia,Phylum: Chordata,Kingdom: Animalia,Bear,Sloth Bear,female,horizontal"
Giant Panda,NZP-20060712-061JC,"Tai Shan,Species: melanoleuca,Genus: Ailuropoda,Family: Ursidae,Order: Carnivora,Class: Mammalia,Phylum: Chordata,Kingdom: Animalia,Giant Panda,Bear,male,cub,young,yard,outside,horizontal,bamboo"
Stanley Crane,NZP-20080827-441JC,"Species: paradiseus,Genus: Anthropoides,Family: Gruidae,Order: Gruiformes,Class: Aves,Phylum: Chordata,Kingdom: Animalia,Bird,Crane"
Sloth Bear,NZP-20080410-237MM,"Khali,female,Species: ursinus,Genus: Melursus,Family: Ursidae,Order: Carnivora,Class: Mammalia,Phylum: Chordata,Kingdom: Animalia,Bear,Sloth Bear,Asia Trail,horizontal"
Persian Onager,NZP-20150628-0821DR,"SCBI,Front Royal,Species: hemionus onager,Genus: Equus,Family: Equidae,Order: Perissodactyla,Class: Mammalia,Phylum: Chordata,Kingdom: Animalia,baby,young,Persian Onager,filly,female,Onager,Ungulate,Odd-toed Ungulate,foal"
Aquatic Caecilian,NZP-20081204-242JC,Species: natans Genus: Typhlonectes Family: Caeciliidae Order: Gymnophiona Class: Amphibia Phylum: Chordata Kingdom: Animalia adult Amazonia Exhibit Amphibian
Crocodile Monitor,NZP-20191126_001RP,"Smithsonian's National Zoo & Conservation Biology Institute,National Zoo,Smithsonian Institution,Animals,NZP,Open Access/CCO,Open Access,CCO,Crocodile Monitors,Lizards,Reptiles,Reptilia,Squamata,Varanidae,Reptile Discovery Center"
Black Howler Monkey,NZP-20130406-001CN,"Chula,Helio,Heliodoro,Species: caraya,Genus: Alouatta,Family: Atelidae,Order: Primates,Class: Mammalia,Phylum: Chordata,Kingdom: Animalia,baby,young,mother,Black Howler Monkey,Howler Monkey,Monkey,Primate,New World Monkey,SMH,Small Mammal House,horizontal"
Banded Mongoose,NZP-20160214-610CN-000001,"Banded Mongoose,Mongoose,SMH,Small Mammal House,Species: mungo,Genus: Mungos,Family: Herpestidae,Order: Carnivora,Class: Mammalia,Phylum: Chordata,Kingdom: Animalia,Viverrid"
